TrainNumber,TrainName,Type,Priority,Origin,Origin_Code,Destination,Destination_Code,AssignedRoute,ScheduledDeparture,ActualDeparture,ScheduledArrival,ActualArrival,DwellTimeMinutes,RunningTimeMinutes,PlatformAssigned,TrackStatus,SignalState,Weather,PassengerLoad,Disruption
12049,Gatimaan Express,Superfast,goods-only,Agra Cantt,AGC,Tundla Junction,TDL,AGC->TDL,04:59,04:59,07:21,07:21,6,142,4,maintenance,green,clear,0.83,none
12002,Bhopal Shatabdi Express,Express,normal,New Delhi,NDLS,Mathura Junction,MKR,NDLS->MKR,05:50,05:50,07:37,07:37,8,107,1,free,red,storm,0.94,weather_delay
12282,Taj Express,Goods,goods-only,Agra Cantt,AGC,Tundla Junction,TDL,AGC->TDL,05:08,05:08,08:01,08:01,9,173,3,free,red,rain,0.95,signal_failure
12628,Kerala Express,Superfast,goods-only,Agra Cantt,AGC,Tundla Junction,TDL,AGC->TDL,05:01,05:06,07:36,07:41,7,155,1,occupied,red,fog,0.87,none
12828,Chhattisgarh Sampark Kranti,Passenger,high,New Delhi,NDLS,Mathura Junction,MKR,NDLS->MKR,04:42,04:42,07:38,07:38,2,176,2,occupied,yellow,storm,0.65,none
12195,Mahakoshal Express,Superfast,normal,Agra Cantt,AGC,Tundla Junction,TDL,AGC->TDL,04:04,04:04,06:20,06:20,6,136,4,maintenance,yellow,storm,0.89,none
14218,NDLS-AGC Intercity,Passenger,normal,New Delhi,NDLS,Agra Cantt,AGC,NDLS->AGC,04:23,04:23,06:59,06:59,3,156,2,maintenance,yellow,storm,0.77,none
12067,Kota Janshatabdi,Superfast,high,Mathura Junction,MKR,Agra Cantt,AGC,MKR->AGC,04:04,04:04,06:29,06:29,8,145,2,occupied,green,rain,0.63,signal_failure
12927,Malwa Express,Superfast,super high,Mathura Junction,MKR,Tundla Junction,TDL,MKR->TDL,04:02,04:12,05:55,06:05,8,113,1,maintenance,yellow,clear,0.78,none
12189,Gwalior Intercity,Goods,high,Mathura Junction,MKR,Tundla Junction,TDL,MKR->TDL,04:07,04:07,06:03,06:03,5,116,1,maintenance,red,storm,0.84,none
12059,Gatimaan Express,Passenger,normal,Agra Cantt,AGC,Tundla Junction,TDL,AGC->TDL,04:51,04:56,07:07,07:12,10,136,3,occupied,green,fog,0.92,breakdown
12012,Bhopal Shatabdi Express,Superfast,normal,Mathura Junction,MKR,Agra Cantt,AGC,MKR->AGC,05:43,05:43,07:24,07:24,5,101,2,occupied,yellow,storm,0.84,weather_delay
12292,Taj Express,Goods,super high,Agra Cantt,AGC,Tundla Junction,TDL,AGC->TDL,04:08,04:11,06:26,06:29,5,138,4,maintenance,green,clear,0.51,none
12638,Kerala Express,Express,goods-only,New Delhi,NDLS,Agra Cantt,AGC,NDLS->AGC,04:02,04:07,06:11,06:16,10,129,3,maintenance,green,storm,0.66,none
12838,Chhattisgarh Sampark Kranti,Express,normal,Mathura Junction,MKR,Agra Cantt,AGC,MKR->AGC,04:29,04:29,06:43,06:43,2,134,4,occupied,green,rain,0.8,none
12205,Mahakoshal Express,Express,high,Mathura Junction,MKR,Tundla Junction,TDL,MKR->TDL,05:25,05:35,07:45,07:55,8,140,2,maintenance,yellow,fog,0.58,none
14228,NDLS-AGC Intercity,Goods,super high,Mathura Junction,MKR,Tundla Junction,TDL,MKR->TDL,05:04,05:19,07:29,07:44,10,145,4,occupied,green,storm,0.87,none
12077,Kota Janshatabdi,Goods,high,Agra Cantt,AGC,Tundla Junction,TDL,AGC->TDL,04:01,04:11,06:59,07:09,10,178,1,free,red,rain,0.58,none
12937,Malwa Express,Superfast,normal,Agra Cantt,AGC,Tundla Junction,TDL,AGC->TDL,05:14,05:14,07:58,07:58,9,164,1,maintenance,yellow,storm,0.6,none
12199,Gwalior Intercity,Passenger,normal,Mathura Junction,MKR,Tundla Junction,TDL,MKR->TDL,05:27,05:27,07:11,07:11,4,104,3,maintenance,red,storm,0.8,none
12069,Gatimaan Express,Express,high,New Delhi,NDLS,Mathura Junction,MKR,NDLS->MKR,05:46,05:51,08:34,08:39,7,168,4,occupied,yellow,storm,0.79,weather_delay
12022,Bhopal Shatabdi Express,Express,high,Agra Cantt,AGC,Tundla Junction,TDL,AGC->TDL,04:21,04:31,07:10,07:20,5,169,3,free,green,rain,0.52,none
12302,Taj Express,Superfast,goods-only,New Delhi,NDLS,Agra Cantt,AGC,NDLS->AGC,05:27,05:27,08:00,08:00,7,153,1,free,yellow,storm,0.84,none
12648,Kerala Express,Express,super high,New Delhi,NDLS,Mathura Junction,MKR,NDLS->MKR,05:44,05:44,08:05,08:05,6,141,3,occupied,yellow,storm,0.76,none
12848,Chhattisgarh Sampark Kranti,Passenger,super high,Mathura Junction,MKR,Tundla Junction,TDL,MKR->TDL,04:15,04:25,07:12,07:22,3,177,2,occupied,yellow,storm,0.74,signal_failure
12215,Mahakoshal Express,Goods,high,New Delhi,NDLS,Agra Cantt,AGC,NDLS->AGC,05:12,05:17,07:31,07:36,7,139,2,maintenance,green,storm,0.63,weather_delay
14238,NDLS-AGC Intercity,Passenger,super high,Agra Cantt,AGC,Tundla Junction,TDL,AGC->TDL,04:16,04:19,06:42,06:45,9,146,4,occupied,green,clear,0.71,none
12087,Kota Janshatabdi,Express,super high,New Delhi,NDLS,Tundla Junction,TDL,NDLS->TDL,04:48,04:48,06:50,06:50,2,122,4,maintenance,green,clear,1.0,weather_delay
12947,Malwa Express,Express,normal,Agra Cantt,AGC,Tundla Junction,TDL,AGC->TDL,05:22,05:22,07:31,07:31,6,129,3,free,green,fog,0.88,none
12209,Gwalior Intercity,Goods,super high,New Delhi,NDLS,Mathura Junction,MKR,NDLS->MKR,04:16,04:16,05:56,05:56,4,100,4,maintenance,yellow,storm,0.79,none
12079,Gatimaan Express,Passenger,normal,Mathura Junction,MKR,Agra Cantt,AGC,MKR->AGC,05:57,05:57,07:52,07:52,4,115,2,maintenance,red,fog,0.55,none
12032,Bhopal Shatabdi Express,Superfast,goods-only,Agra Cantt,AGC,Tundla Junction,TDL,AGC->TDL,05:06,05:06,06:47,06:47,2,101,3,maintenance,green,fog,0.65,none
12312,Taj Express,Passenger,normal,New Delhi,NDLS,Agra Cantt,AGC,NDLS->AGC,05:44,05:44,08:06,08:06,10,142,3,occupied,green,fog,0.66,none
12658,Kerala Express,Goods,super high,New Delhi,NDLS,Tundla Junction,TDL,NDLS->TDL,05:47,05:47,07:57,07:57,4,130,3,free,yellow,rain,0.91,none
12858,Chhattisgarh Sampark Kranti,Superfast,goods-only,Agra Cantt,AGC,Tundla Junction,TDL,AGC->TDL,04:03,04:03,05:54,05:54,10,111,1,free,green,storm,0.76,none
12225,Mahakoshal Express,Passenger,goods-only,Agra Cantt,AGC,Tundla Junction,TDL,AGC->TDL,04:25,04:35,06:58,07:08,2,153,2,maintenance,green,fog,0.85,none
14248,NDLS-AGC Intercity,Goods,normal,Agra Cantt,AGC,Tundla Junction,TDL,AGC->TDL,05:22,05:22,08:18,08:18,7,176,4,free,green,fog,0.89,breakdown
12097,Kota Janshatabdi,Goods,goods-only,Agra Cantt,AGC,Tundla Junction,TDL,AGC->TDL,05:05,05:10,07:04,07:09,4,119,3,free,green,fog,0.87,none
12957,Malwa Express,Goods,normal,Agra Cantt,AGC,Tundla Junction,TDL,AGC->TDL,05:36,05:36,07:37,07:37,6,121,3,maintenance,yellow,clear,0.62,none
12219,Gwalior Intercity,Goods,normal,Mathura Junction,MKR,Tundla Junction,TDL,MKR->TDL,05:31,05:34,07:24,07:27,3,113,4,occupied,green,storm,0.67,none
12089,Gatimaan Express,Superfast,normal,Mathura Junction,MKR,Tundla Junction,TDL,MKR->TDL,04:09,04:12,07:08,07:11,9,179,4,maintenance,red,fog,0.98,track_blockage
12042,Bhopal Shatabdi Express,Goods,goods-only,Agra Cantt,AGC,Tundla Junction,TDL,AGC->TDL,05:50,05:50,07:51,07:51,7,121,1,occupied,green,rain,0.73,signal_failure
12322,Taj Express,Passenger,goods-only,New Delhi,NDLS,Agra Cantt,AGC,NDLS->AGC,05:17,05:20,07:36,07:39,9,139,4,occupied,yellow,rain,0.54,breakdown
12668,Kerala Express,Express,high,Mathura Junction,MKR,Tundla Junction,TDL,MKR->TDL,05:55,06:00,08:44,08:49,4,169,4,occupied,green,fog,0.64,none
12868,Chhattisgarh Sampark Kranti,Superfast,normal,New Delhi,NDLS,Mathura Junction,MKR,NDLS->MKR,04:09,04:09,06:37,06:37,10,148,2,free,green,clear,0.82,none
12235,Mahakoshal Express,Superfast,super high,Mathura Junction,MKR,Tundla Junction,TDL,MKR->TDL,04:37,04:37,06:42,06:42,8,125,3,maintenance,green,storm,0.73,signal_failure
14258,NDLS-AGC Intercity,Express,normal,Mathura Junction,MKR,Tundla Junction,TDL,MKR->TDL,05:38,05:38,08:13,08:13,9,155,4,occupied,red,rain,0.81,none
12107,Kota Janshatabdi,Superfast,high,Mathura Junction,MKR,Tundla Junction,TDL,MKR->TDL,04:37,04:37,07:35,07:35,3,178,4,free,yellow,storm,0.53,weather_delay
12967,Malwa Express,Passenger,high,Agra Cantt,AGC,Tundla Junction,TDL,AGC->TDL,04:39,04:39,07:00,07:00,7,141,2,occupied,green,rain,0.75,none
12229,Gwalior Intercity,Goods,high,Agra Cantt,AGC,Tundla Junction,TDL,AGC->TDL,05:53,05:53,07:34,07:34,10,101,4,maintenance,green,storm,0.6,weather_delay
12099,Gatimaan Express,Goods,super high,Agra Cantt,AGC,Tundla Junction,TDL,AGC->TDL,05:26,05:26,07:12,07:12,3,106,3,occupied,red,clear,0.95,none
12052,Bhopal Shatabdi Express,Goods,goods-only,Mathura Junction,MKR,Agra Cantt,AGC,MKR->AGC,05:55,06:00,08:21,08:26,3,146,4,free,green,storm,0.63,none
12332,Taj Express,Goods,normal,Agra Cantt,AGC,Tundla Junction,TDL,AGC->TDL,04:22,04:22,06:35,06:35,9,133,1,maintenance,yellow,rain,0.86,none
12678,Kerala Express,Express,super high,Agra Cantt,AGC,Tundla Junction,TDL,AGC->TDL,05:05,05:05,07:00,07:00,8,115,2,free,red,rain,0.75,weather_delay
12878,Chhattisgarh Sampark Kranti,Passenger,high,New Delhi,NDLS,Tundla Junction,TDL,NDLS->TDL,04:25,04:28,07:19,07:22,7,174,3,occupied,yellow,rain,0.88,weather_delay
12245,Mahakoshal Express,Goods,super high,Agra Cantt,AGC,Tundla Junction,TDL,AGC->TDL,05:23,05:33,08:09,08:19,10,166,4,maintenance,yellow,clear,0.64,none
14268,NDLS-AGC Intercity,Superfast,normal,New Delhi,NDLS,Mathura Junction,MKR,NDLS->MKR,04:43,04:43,07:41,07:41,6,178,3,maintenance,green,storm,0.71,none
12117,Kota Janshatabdi,Goods,normal,Mathura Junction,MKR,Agra Cantt,AGC,MKR->AGC,04:28,04:28,07:02,07:02,5,154,2,free,green,rain,0.65,none
12977,Malwa Express,Passenger,goods-only,New Delhi,NDLS,Mathura Junction,MKR,NDLS->MKR,04:57,04:57,06:54,06:54,8,117,4,free,green,storm,0.58,signal_failure
12239,Gwalior Intercity,Superfast,high,Mathura Junction,MKR,Tundla Junction,TDL,MKR->TDL,05:16,05:16,07:08,07:08,9,112,3,occupied,green,clear,0.97,none
12109,Gatimaan Express,Superfast,super high,New Delhi,NDLS,Tundla Junction,TDL,NDLS->TDL,04:55,05:05,07:06,07:16,9,131,4,maintenance,red,fog,0.98,none
12062,Bhopal Shatabdi Express,Superfast,high,Agra Cantt,AGC,Tundla Junction,TDL,AGC->TDL,05:58,06:08,07:58,08:08,3,120,4,occupied,red,rain,0.66,none
12342,Taj Express,Goods,super high,New Delhi,NDLS,Mathura Junction,MKR,NDLS->MKR,04:30,04:35,07:05,07:10,4,155,3,free,yellow,rain,0.54,weather_delay
12688,Kerala Express,Goods,super high,Mathura Junction,MKR,Tundla Junction,TDL,MKR->TDL,05:35,05:35,07:55,07:55,9,140,3,free,green,rain,0.67,none
12888,Chhattisgarh Sampark Kranti,Superfast,goods-only,Agra Cantt,AGC,Tundla Junction,TDL,AGC->TDL,05:58,06:01,08:45,08:48,4,167,3,free,yellow,clear,0.78,none
12255,Mahakoshal Express,Passenger,high,New Delhi,NDLS,Tundla Junction,TDL,NDLS->TDL,05:54,05:54,07:55,07:55,8,121,3,occupied,yellow,storm,0.65,none
14278,NDLS-AGC Intercity,Goods,normal,New Delhi,NDLS,Agra Cantt,AGC,NDLS->AGC,04:48,04:53,07:30,07:35,10,162,4,maintenance,yellow,rain,0.7,weather_delay
12127,Kota Janshatabdi,Passenger,super high,Mathura Junction,MKR,Tundla Junction,TDL,MKR->TDL,05:14,05:14,07:10,07:10,2,116,4,free,green,rain,0.81,track_blockage
12987,Malwa Express,Superfast,high,Mathura Junction,MKR,Tundla Junction,TDL,MKR->TDL,05:06,05:09,07:11,07:14,3,125,1,free,red,fog,0.9,none
12249,Gwalior Intercity,Passenger,super high,Mathura Junction,MKR,Agra Cantt,AGC,MKR->AGC,04:17,04:17,06:56,06:56,10,159,3,maintenance,yellow,fog,0.91,weather_delay
12119,Gatimaan Express,Superfast,super high,Mathura Junction,MKR,Agra Cantt,AGC,MKR->AGC,04:09,04:09,06:17,06:17,2,128,2,occupied,red,fog,0.94,none
12072,Bhopal Shatabdi Express,Goods,normal,Mathura Junction,MKR,Tundla Junction,TDL,MKR->TDL,05:24,05:24,07:20,07:20,3,116,1,maintenance,yellow,rain,1.0,track_blockage
12352,Taj Express,Goods,high,New Delhi,NDLS,Mathura Junction,MKR,NDLS->MKR,04:12,04:17,06:03,06:08,5,111,2,maintenance,red,rain,0.71,none
12698,Kerala Express,Passenger,super high,Agra Cantt,AGC,Tundla Junction,TDL,AGC->TDL,04:06,04:06,06:21,06:21,5,135,1,maintenance,red,storm,0.51,breakdown
12898,Chhattisgarh Sampark Kranti,Goods,super high,New Delhi,NDLS,Mathura Junction,MKR,NDLS->MKR,05:41,05:56,08:06,08:21,8,145,2,free,green,rain,0.6,none
12265,Mahakoshal Express,Passenger,super high,Mathura Junction,MKR,Tundla Junction,TDL,MKR->TDL,05:42,05:57,08:21,08:36,10,159,4,free,red,clear,0.97,none
14288,NDLS-AGC Intercity,Goods,goods-only,Agra Cantt,AGC,Tundla Junction,TDL,AGC->TDL,05:57,05:57,08:19,08:19,3,142,2,maintenance,green,clear,0.63,none
12137,Kota Janshatabdi,Goods,high,New Delhi,NDLS,Tundla Junction,TDL,NDLS->TDL,04:06,04:16,06:56,07:06,2,170,4,free,yellow,rain,0.97,none
12997,Malwa Express,Passenger,high,Mathura Junction,MKR,Agra Cantt,AGC,MKR->AGC,04:10,04:13,06:46,06:49,8,156,2,free,green,storm,0.89,track_blockage
12259,Gwalior Intercity,Passenger,goods-only,New Delhi,NDLS,Tundla Junction,TDL,NDLS->TDL,04:05,04:10,05:50,05:55,7,105,1,free,green,clear,0.67,none
12129,Gatimaan Express,Passenger,goods-only,Mathura Junction,MKR,Tundla Junction,TDL,MKR->TDL,05:18,05:18,08:05,08:05,10,167,2,maintenance,red,storm,0.86,weather_delay
12082,Bhopal Shatabdi Express,Goods,super high,New Delhi,NDLS,Tundla Junction,TDL,NDLS->TDL,04:34,04:34,07:24,07:24,2,170,1,occupied,red,storm,0.65,none
12362,Taj Express,Express,super high,Mathura Junction,MKR,Tundla Junction,TDL,MKR->TDL,04:27,04:27,06:38,06:38,8,131,4,occupied,green,rain,0.88,none
12708,Kerala Express,Passenger,high,New Delhi,NDLS,Agra Cantt,AGC,NDLS->AGC,05:46,05:46,08:39,08:39,7,173,2,maintenance,red,storm,0.65,none
12908,Chhattisgarh Sampark Kranti,Superfast,normal,New Delhi,NDLS,Agra Cantt,AGC,NDLS->AGC,05:20,05:25,07:06,07:11,6,106,4,free,yellow,fog,0.95,none
12275,Mahakoshal Express,Passenger,goods-only,Mathura Junction,MKR,Tundla Junction,TDL,MKR->TDL,04:20,04:20,06:57,06:57,10,157,3,free,red,clear,0.95,breakdown
14298,NDLS-AGC Intercity,Express,goods-only,Mathura Junction,MKR,Tundla Junction,TDL,MKR->TDL,04:58,05:03,07:46,07:51,2,168,3,occupied,green,clear,0.68,track_blockage
12147,Kota Janshatabdi,Express,high,Agra Cantt,AGC,Tundla Junction,TDL,AGC->TDL,04:18,04:18,06:40,06:40,7,142,2,occupied,green,fog,0.57,none
13007,Malwa Express,Express,normal,Mathura Junction,MKR,Agra Cantt,AGC,MKR->AGC,04:37,04:42,07:14,07:19,4,157,1,occupied,yellow,storm,0.77,none
12269,Gwalior Intercity,Superfast,super high,New Delhi,NDLS,Agra Cantt,AGC,NDLS->AGC,04:00,04:10,05:54,06:04,7,114,3,maintenance,red,rain,0.71,none
12139,Gatimaan Express,Goods,normal,Agra Cantt,AGC,Tundla Junction,TDL,AGC->TDL,05:48,05:48,07:52,07:52,5,124,4,maintenance,green,clear,0.53,none
12092,Bhopal Shatabdi Express,Passenger,normal,New Delhi,NDLS,Mathura Junction,MKR,NDLS->MKR,04:55,05:05,07:17,07:27,2,142,2,occupied,green,storm,0.84,none
12372,Taj Express,Superfast,normal,Agra Cantt,AGC,Tundla Junction,TDL,AGC->TDL,04:56,04:56,07:22,07:22,7,146,1,free,green,clear,0.62,none
12718,Kerala Express,Express,normal,New Delhi,NDLS,Agra Cantt,AGC,NDLS->AGC,05:34,05:34,07:35,07:35,3,121,4,free,yellow,fog,0.67,none
12918,Chhattisgarh Sampark Kranti,Passenger,high,New Delhi,NDLS,Mathura Junction,MKR,NDLS->MKR,05:12,05:12,07:14,07:14,6,122,1,free,yellow,rain,0.86,none
12285,Mahakoshal Express,Superfast,goods-only,Agra Cantt,AGC,Tundla Junction,TDL,AGC->TDL,04:01,04:11,06:59,07:09,10,178,3,maintenance,red,storm,0.55,none
14308,NDLS-AGC Intercity,Superfast,super high,New Delhi,NDLS,Tundla Junction,TDL,NDLS->TDL,04:51,04:51,06:40,06:40,10,109,1,occupied,red,fog,0.56,breakdown
12157,Kota Janshatabdi,Superfast,goods-only,New Delhi,NDLS,Tundla Junction,TDL,NDLS->TDL,05:40,05:55,08:40,08:55,7,180,2,free,yellow,rain,0.82,breakdown
13017,Malwa Express,Superfast,goods-only,New Delhi,NDLS,Mathura Junction,MKR,NDLS->MKR,04:51,04:51,07:21,07:21,4,150,3,maintenance,yellow,storm,0.59,breakdown
12279,Gwalior Intercity,Passenger,goods-only,Mathura Junction,MKR,Tundla Junction,TDL,MKR->TDL,05:11,05:11,07:31,07:31,8,140,2,free,red,clear,0.69,none
12149,Gatimaan Express,Passenger,normal,New Delhi,NDLS,Tundla Junction,TDL,NDLS->TDL,04:39,04:49,06:21,06:31,10,102,1,maintenance,yellow,fog,0.53,none
12102,Bhopal Shatabdi Express,Goods,high,Agra Cantt,AGC,Tundla Junction,TDL,AGC->TDL,04:23,04:26,06:42,06:45,4,139,2,occupied,red,rain,0.99,track_blockage
12382,Taj Express,Express,normal,New Delhi,NDLS,Mathura Junction,MKR,NDLS->MKR,05:54,05:54,08:45,08:45,8,171,1,maintenance,green,rain,0.79,none
12728,Kerala Express,Express,high,New Delhi,NDLS,Tundla Junction,TDL,NDLS->TDL,05:17,05:17,07:31,07:31,7,134,1,occupied,yellow,storm,0.72,signal_failure
12928,Chhattisgarh Sampark Kranti,Express,goods-only,Mathura Junction,MKR,Tundla Junction,TDL,MKR->TDL,04:42,04:52,06:33,06:43,5,111,4,maintenance,green,clear,0.9,signal_failure
12295,Mahakoshal Express,Express,normal,New Delhi,NDLS,Mathura Junction,MKR,NDLS->MKR,04:51,05:06,07:51,08:06,10,180,1,maintenance,red,fog,0.66,none
14318,NDLS-AGC Intercity,Goods,super high,Agra Cantt,AGC,Tundla Junction,TDL,AGC->TDL,05:08,05:08,07:46,07:46,10,158,2,maintenance,green,storm,0.54,none
12167,Kota Janshatabdi,Goods,super high,New Delhi,NDLS,Mathura Junction,MKR,NDLS->MKR,05:00,05:00,07:53,07:53,7,173,1,free,red,clear,0.93,none
13027,Malwa Express,Goods,high,Agra Cantt,AGC,Tundla Junction,TDL,AGC->TDL,04:50,05:00,07:22,07:32,7,152,3,maintenance,yellow,rain,1.0,none
12289,Gwalior Intercity,Express,normal,Agra Cantt,AGC,Tundla Junction,TDL,AGC->TDL,05:20,05:20,07:02,07:02,2,102,3,maintenance,yellow,clear,0.75,none
12159,Gatimaan Express,Passenger,normal,New Delhi,NDLS,Agra Cantt,AGC,NDLS->AGC,05:54,05:54,08:31,08:31,6,157,3,maintenance,green,fog,0.95,none
12112,Bhopal Shatabdi Express,Passenger,goods-only,Mathura Junction,MKR,Tundla Junction,TDL,MKR->TDL,04:15,04:18,06:09,06:12,10,114,4,free,green,fog,0.79,none
12392,Taj Express,Express,normal,New Delhi,NDLS,Agra Cantt,AGC,NDLS->AGC,04:33,04:33,07:12,07:12,3,159,1,occupied,yellow,rain,0.52,none
12738,Kerala Express,Express,high,Agra Cantt,AGC,Tundla Junction,TDL,AGC->TDL,05:06,05:06,08:01,08:01,7,175,1,occupied,red,storm,0.68,none
12938,Chhattisgarh Sampark Kranti,Passenger,goods-only,Mathura Junction,MKR,Agra Cantt,AGC,MKR->AGC,05:12,05:12,07:09,07:09,5,117,2,free,yellow,clear,0.77,none
12305,Mahakoshal Express,Passenger,super high,Agra Cantt,AGC,Tundla Junction,TDL,AGC->TDL,05:18,05:18,08:02,08:02,5,164,3,free,yellow,clear,0.55,none
14328,NDLS-AGC Intercity,Express,high,Agra Cantt,AGC,Tundla Junction,TDL,AGC->TDL,04:26,04:29,06:06,06:09,9,100,3,free,green,rain,0.96,none
12177,Kota Janshatabdi,Goods,goods-only,Agra Cantt,AGC,Tundla Junction,TDL,AGC->TDL,05:04,05:04,07:37,07:37,8,153,1,occupied,yellow,clear,0.86,none
13037,Malwa Express,Goods,super high,Mathura Junction,MKR,Agra Cantt,AGC,MKR->AGC,05:05,05:08,08:04,08:07,4,179,4,free,red,fog,0.56,none
12299,Gwalior Intercity,Superfast,goods-only,Agra Cantt,AGC,Tundla Junction,TDL,AGC->TDL,05:22,05:27,07:05,07:10,6,103,2,occupied,green,clear,0.94,none
12169,Gatimaan Express,Goods,normal,Agra Cantt,AGC,Tundla Junction,TDL,AGC->TDL,05:54,05:57,08:54,08:57,7,180,4,maintenance,yellow,rain,0.9,none
12122,Bhopal Shatabdi Express,Express,normal,New Delhi,NDLS,Tundla Junction,TDL,NDLS->TDL,04:34,04:34,06:32,06:32,9,118,2,occupied,yellow,rain,0.83,none
12402,Taj Express,Passenger,normal,Mathura Junction,MKR,Agra Cantt,AGC,MKR->AGC,04:19,04:24,06:01,06:06,10,102,4,free,red,clear,0.91,none
12748,Kerala Express,Superfast,high,New Delhi,NDLS,Mathura Junction,MKR,NDLS->MKR,05:21,05:21,08:13,08:13,10,172,3,free,yellow,storm,0.89,none
12948,Chhattisgarh Sampark Kranti,Express,normal,Agra Cantt,AGC,Tundla Junction,TDL,AGC->TDL,04:37,04:37,06:38,06:38,5,121,2,occupied,yellow,rain,0.78,signal_failure
12315,Mahakoshal Express,Express,super high,New Delhi,NDLS,Agra Cantt,AGC,NDLS->AGC,04:31,04:31,06:25,06:25,3,114,4,free,green,storm,0.52,none
14338,NDLS-AGC Intercity,Superfast,goods-only,New Delhi,NDLS,Mathura Junction,MKR,NDLS->MKR,04:14,04:14,06:41,06:41,2,147,3,free,yellow,clear,0.57,breakdown
12187,Kota Janshatabdi,Passenger,high,Mathura Junction,MKR,Tundla Junction,TDL,MKR->TDL,05:16,05:31,07:38,07:53,10,142,3,free,yellow,fog,0.78,none
13047,Malwa Express,Goods,normal,New Delhi,NDLS,Agra Cantt,AGC,NDLS->AGC,04:43,04:43,07:35,07:35,6,172,1,free,red,rain,1.0,none
12309,Gwalior Intercity,Goods,super high,New Delhi,NDLS,Mathura Junction,MKR,NDLS->MKR,05:20,05:20,08:03,08:03,7,163,3,maintenance,yellow,rain,0.96,none
12179,Gatimaan Express,Passenger,goods-only,Mathura Junction,MKR,Tundla Junction,TDL,MKR->TDL,05:35,05:35,08:21,08:21,2,166,1,free,yellow,storm,0.82,none
12132,Bhopal Shatabdi Express,Goods,normal,New Delhi,NDLS,Agra Cantt,AGC,NDLS->AGC,04:05,04:15,07:04,07:14,3,179,1,maintenance,green,fog,0.88,weather_delay
12412,Taj Express,Superfast,goods-only,Mathura Junction,MKR,Tundla Junction,TDL,MKR->TDL,05:31,05:41,07:18,07:28,3,107,2,free,red,storm,0.84,none
12758,Kerala Express,Goods,super high,Agra Cantt,AGC,Tundla Junction,TDL,AGC->TDL,05:05,05:05,07:19,07:19,5,134,4,occupied,yellow,clear,0.82,none
12958,Chhattisgarh Sampark Kranti,Passenger,high,New Delhi,NDLS,Mathura Junction,MKR,NDLS->MKR,04:45,04:45,07:18,07:18,7,153,2,free,green,rain,0.8,breakdown
12325,Mahakoshal Express,Express,high,Mathura Junction,MKR,Tundla Junction,TDL,MKR->TDL,04:45,04:45,07:25,07:25,4,160,1,free,yellow,storm,0.53,none
14348,NDLS-AGC Intercity,Passenger,high,Mathura Junction,MKR,Agra Cantt,AGC,MKR->AGC,04:30,04:30,07:20,07:20,5,170,3,occupied,yellow,rain,1.0,signal_failure
12197,Kota Janshatabdi,Goods,high,Mathura Junction,MKR,Agra Cantt,AGC,MKR->AGC,05:49,05:49,08:14,08:14,4,145,3,free,yellow,fog,0.52,breakdown
13057,Malwa Express,Superfast,super high,Agra Cantt,AGC,Tundla Junction,TDL,AGC->TDL,05:24,05:34,08:24,08:34,2,180,3,maintenance,red,rain,0.53,track_blockage
12319,Gwalior Intercity,Goods,high,Agra Cantt,AGC,Tundla Junction,TDL,AGC->TDL,04:47,04:47,07:03,07:03,9,136,1,occupied,green,rain,0.81,breakdown
12189,Gatimaan Express,Superfast,normal,Mathura Junction,MKR,Tundla Junction,TDL,MKR->TDL,05:04,05:07,07:21,07:24,6,137,3,maintenance,green,fog,0.66,breakdown
12142,Bhopal Shatabdi Express,Express,super high,New Delhi,NDLS,Mathura Junction,MKR,NDLS->MKR,05:30,05:40,07:59,08:09,7,149,1,free,yellow,storm,0.69,signal_failure
12422,Taj Express,Superfast,normal,New Delhi,NDLS,Mathura Junction,MKR,NDLS->MKR,05:59,06:04,07:45,07:50,2,106,1,free,green,rain,0.59,none
12768,Kerala Express,Passenger,goods-only,New Delhi,NDLS,Mathura Junction,MKR,NDLS->MKR,04:30,04:40,07:15,07:25,6,165,4,free,yellow,fog,0.74,weather_delay
12968,Chhattisgarh Sampark Kranti,Superfast,super high,New Delhi,NDLS,Agra Cantt,AGC,NDLS->AGC,04:29,04:29,06:16,06:16,7,107,1,maintenance,green,fog,0.52,none
12335,Mahakoshal Express,Superfast,normal,New Delhi,NDLS,Agra Cantt,AGC,NDLS->AGC,04:07,04:07,06:33,06:33,9,146,4,maintenance,red,storm,0.87,none
14358,NDLS-AGC Intercity,Express,super high,Mathura Junction,MKR,Tundla Junction,TDL,MKR->TDL,04:35,04:40,07:02,07:07,4,147,3,free,green,clear,0.59,none
12207,Kota Janshatabdi,Goods,normal,Mathura Junction,MKR,Tundla Junction,TDL,MKR->TDL,04:21,04:36,07:21,07:36,4,180,4,free,red,storm,0.76,none
13067,Malwa Express,Superfast,goods-only,Agra Cantt,AGC,Tundla Junction,TDL,AGC->TDL,05:30,05:30,07:41,07:41,9,131,4,occupied,yellow,fog,0.54,signal_failure
12329,Gwalior Intercity,Express,super high,New Delhi,NDLS,Agra Cantt,AGC,NDLS->AGC,04:28,04:28,06:45,06:45,9,137,1,free,yellow,storm,0.85,none
12199,Gatimaan Express,Passenger,normal,Mathura Junction,MKR,Tundla Junction,TDL,MKR->TDL,05:15,05:15,07:52,07:52,7,157,4,maintenance,green,clear,0.53,none
12152,Bhopal Shatabdi Express,Superfast,normal,Mathura Junction,MKR,Agra Cantt,AGC,MKR->AGC,04:00,04:00,06:38,06:38,6,158,3,free,yellow,clear,0.97,track_blockage
12432,Taj Express,Passenger,goods-only,Agra Cantt,AGC,Tundla Junction,TDL,AGC->TDL,04:45,04:45,07:41,07:41,10,176,4,occupied,red,clear,0.75,none
12778,Kerala Express,Express,normal,New Delhi,NDLS,Tundla Junction,TDL,NDLS->TDL,04:01,04:04,06:05,06:08,9,124,2,free,green,rain,0.85,none
12978,Chhattisgarh Sampark Kranti,Goods,normal,New Delhi,NDLS,Mathura Junction,MKR,NDLS->MKR,05:15,05:15,08:13,08:13,2,178,4,occupied,red,rain,0.6,none
12345,Mahakoshal Express,Express,high,Agra Cantt,AGC,Tundla Junction,TDL,AGC->TDL,05:23,05:23,07:33,07:33,5,130,2,occupied,yellow,fog,0.83,none
14368,NDLS-AGC Intercity,Superfast,normal,Agra Cantt,AGC,Tundla Junction,TDL,AGC->TDL,05:31,05:31,07:57,07:57,4,146,4,free,red,fog,0.81,none
12217,Kota Janshatabdi,Superfast,goods-only,Agra Cantt,AGC,Tundla Junction,TDL,AGC->TDL,04:41,04:41,06:55,06:55,4,134,4,maintenance,green,rain,0.69,none
13077,Malwa Express,Passenger,high,Mathura Junction,MKR,Tundla Junction,TDL,MKR->TDL,04:18,04:23,06:50,06:55,10,152,2,occupied,yellow,clear,0.66,none
12339,Gwalior Intercity,Superfast,goods-only,New Delhi,NDLS,Agra Cantt,AGC,NDLS->AGC,04:38,04:38,06:41,06:41,2,123,3,free,yellow,fog,0.75,none
12209,Gatimaan Express,Express,normal,Mathura Junction,MKR,Tundla Junction,TDL,MKR->TDL,05:38,05:41,08:13,08:16,4,155,3,occupied,yellow,rain,0.84,breakdown
12162,Bhopal Shatabdi Express,Passenger,normal,Mathura Junction,MKR,Tundla Junction,TDL,MKR->TDL,05:51,05:51,08:44,08:44,7,173,3,occupied,yellow,clear,0.89,none
12442,Taj Express,Express,super high,Agra Cantt,AGC,Tundla Junction,TDL,AGC->TDL,05:52,05:55,07:34,07:37,4,102,3,occupied,red,storm,0.51,breakdown
12788,Kerala Express,Passenger,goods-only,Mathura Junction,MKR,Agra Cantt,AGC,MKR->AGC,04:59,04:59,07:35,07:35,6,156,4,free,yellow,rain,0.8,signal_failure
12988,Chhattisgarh Sampark Kranti,Goods,super high,New Delhi,NDLS,Agra Cantt,AGC,NDLS->AGC,05:16,05:19,07:07,07:10,10,111,1,maintenance,green,clear,0.92,none
12355,Mahakoshal Express,Superfast,high,Mathura Junction,MKR,Agra Cantt,AGC,MKR->AGC,05:11,05:11,07:46,07:46,8,155,2,occupied,yellow,clear,0.94,none
14378,NDLS-AGC Intercity,Superfast,goods-only,Agra Cantt,AGC,Tundla Junction,TDL,AGC->TDL,05:50,05:50,07:42,07:42,7,112,3,occupied,red,rain,0.61,track_blockage
12227,Kota Janshatabdi,Goods,normal,Agra Cantt,AGC,Tundla Junction,TDL,AGC->TDL,05:44,05:44,08:40,08:40,6,176,4,maintenance,green,storm,1.0,none
13087,Malwa Express,Superfast,super high,Mathura Junction,MKR,Tundla Junction,TDL,MKR->TDL,05:22,05:22,07:53,07:53,3,151,1,free,red,fog,0.91,breakdown
12349,Gwalior Intercity,Goods,high,Mathura Junction,MKR,Agra Cantt,AGC,MKR->AGC,05:48,05:48,08:04,08:04,9,136,3,free,green,clear,0.86,breakdown
12219,Gatimaan Express,Superfast,super high,Mathura Junction,MKR,Tundla Junction,TDL,MKR->TDL,06:00,06:03,08:44,08:47,2,164,2,free,yellow,fog,0.95,none
12172,Bhopal Shatabdi Express,Passenger,normal,Agra Cantt,AGC,Tundla Junction,TDL,AGC->TDL,05:39,05:42,07:59,08:02,3,140,3,maintenance,yellow,rain,0.89,none
12452,Taj Express,Express,super high,Agra Cantt,AGC,Tundla Junction,TDL,AGC->TDL,05:47,05:47,07:30,07:30,7,103,4,occupied,red,rain,0.82,none
12798,Kerala Express,Goods,high,Mathura Junction,MKR,Agra Cantt,AGC,MKR->AGC,04:24,04:24,06:05,06:05,7,101,4,maintenance,yellow,rain,0.59,none
12998,Chhattisgarh Sampark Kranti,Goods,goods-only,New Delhi,NDLS,Tundla Junction,TDL,NDLS->TDL,05:24,05:24,07:59,07:59,9,155,2,free,red,clear,0.56,none
12365,Mahakoshal Express,Express,high,Mathura Junction,MKR,Agra Cantt,AGC,MKR->AGC,05:03,05:03,07:07,07:07,7,124,3,free,green,storm,0.76,none
14388,NDLS-AGC Intercity,Goods,normal,New Delhi,NDLS,Agra Cantt,AGC,NDLS->AGC,04:13,04:16,05:58,06:01,4,105,2,free,green,clear,0.54,weather_delay
12237,Kota Janshatabdi,Passenger,goods-only,Agra Cantt,AGC,Tundla Junction,TDL,AGC->TDL,04:23,04:23,06:14,06:14,8,111,2,free,red,rain,0.7,none
13097,Malwa Express,Goods,high,New Delhi,NDLS,Tundla Junction,TDL,NDLS->TDL,04:44,04:44,07:02,07:02,3,138,2,free,red,fog,0.66,none
12359,Gwalior Intercity,Goods,high,Agra Cantt,AGC,Tundla Junction,TDL,AGC->TDL,05:40,05:50,08:15,08:25,9,155,3,free,green,rain,0.98,none
12229,Gatimaan Express,Express,normal,Mathura Junction,MKR,Agra Cantt,AGC,MKR->AGC,04:23,04:28,06:27,06:32,8,124,2,maintenance,red,storm,0.87,none
12182,Bhopal Shatabdi Express,Express,normal,Agra Cantt,AGC,Tundla Junction,TDL,AGC->TDL,05:21,05:21,07:20,07:20,10,119,1,maintenance,red,rain,0.66,none
12462,Taj Express,Passenger,normal,New Delhi,NDLS,Tundla Junction,TDL,NDLS->TDL,05:47,05:47,07:56,07:56,8,129,1,occupied,yellow,rain,0.78,track_blockage
12808,Kerala Express,Superfast,normal,Agra Cantt,AGC,Tundla Junction,TDL,AGC->TDL,04:33,04:33,06:53,06:53,3,140,1,maintenance,red,fog,0.93,none
13008,Chhattisgarh Sampark Kranti,Goods,goods-only,Mathura Junction,MKR,Agra Cantt,AGC,MKR->AGC,04:31,04:36,06:32,06:37,8,121,1,free,yellow,rain,0.95,none
12375,Mahakoshal Express,Goods,normal,Mathura Junction,MKR,Tundla Junction,TDL,MKR->TDL,04:36,04:36,06:16,06:16,5,100,1,free,red,storm,0.86,none
14398,NDLS-AGC Intercity,Express,super high,Agra Cantt,AGC,Tundla Junction,TDL,AGC->TDL,04:57,04:57,07:10,07:10,6,133,1,occupied,green,storm,0.77,weather_delay
12247,Kota Janshatabdi,Express,super high,New Delhi,NDLS,Agra Cantt,AGC,NDLS->AGC,04:02,04:02,06:59,06:59,10,177,4,occupied,red,storm,0.75,none
13107,Malwa Express,Passenger,super high,Agra Cantt,AGC,Tundla Junction,TDL,AGC->TDL,05:23,05:26,07:17,07:20,3,114,1,free,red,storm,0.77,none
12369,Gwalior Intercity,Superfast,goods-only,New Delhi,NDLS,Tundla Junction,TDL,NDLS->TDL,05:30,05:30,08:14,08:14,7,164,3,maintenance,yellow,storm,0.87,none
12239,Gatimaan Express,Goods,high,Mathura Junction,MKR,Tundla Junction,TDL,MKR->TDL,05:04,05:04,06:55,06:55,3,111,1,free,green,storm,0.58,weather_delay
12192,Bhopal Shatabdi Express,Superfast,normal,New Delhi,NDLS,Agra Cantt,AGC,NDLS->AGC,05:38,05:38,08:19,08:19,2,161,3,occupied,yellow,clear,0.58,none
12472,Taj Express,Express,normal,New Delhi,NDLS,Mathura Junction,MKR,NDLS->MKR,05:36,05:36,07:32,07:32,9,116,3,occupied,yellow,storm,0.86,none
12818,Kerala Express,Goods,normal,Mathura Junction,MKR,Agra Cantt,AGC,MKR->AGC,05:24,05:24,07:20,07:20,10,116,1,occupied,green,clear,0.56,none
13018,Chhattisgarh Sampark Kranti,Passenger,goods-only,Mathura Junction,MKR,Agra Cantt,AGC,MKR->AGC,04:53,04:58,06:56,07:01,2,123,1,maintenance,yellow,clear,0.82,none
12385,Mahakoshal Express,Express,goods-only,New Delhi,NDLS,Mathura Junction,MKR,NDLS->MKR,05:34,05:34,08:30,08:30,4,176,1,maintenance,red,clear,0.97,none
14408,NDLS-AGC Intercity,Goods,super high,Agra Cantt,AGC,Tundla Junction,TDL,AGC->TDL,04:04,04:19,07:04,07:19,9,180,1,occupied,green,fog,0.98,none
12257,Kota Janshatabdi,Express,super high,Mathura Junction,MKR,Agra Cantt,AGC,MKR->AGC,04:36,04:36,07:29,07:29,3,173,3,maintenance,red,storm,0.56,none
13117,Malwa Express,Goods,high,Mathura Junction,MKR,Tundla Junction,TDL,MKR->TDL,04:03,04:03,06:16,06:16,4,133,3,maintenance,green,clear,0.59,none
12379,Gwalior Intercity,Express,goods-only,Mathura Junction,MKR,Tundla Junction,TDL,MKR->TDL,04:44,04:49,06:25,06:30,4,101,2,occupied,yellow,clear,0.53,none
12249,Gatimaan Express,Goods,super high,New Delhi,NDLS,Agra Cantt,AGC,NDLS->AGC,04:42,04:42,07:10,07:10,10,148,1,occupied,yellow,fog,0.83,breakdown
12202,Bhopal Shatabdi Express,Passenger,super high,Agra Cantt,AGC,Tundla Junction,TDL,AGC->TDL,04:40,04:40,07:34,07:34,9,174,2,maintenance,yellow,fog,0.79,none
12482,Taj Express,Goods,normal,Agra Cantt,AGC,Tundla Junction,TDL,AGC->TDL,05:01,05:01,07:53,07:53,6,172,4,maintenance,green,storm,0.66,weather_delay
12828,Kerala Express,Goods,super high,Agra Cantt,AGC,Tundla Junction,TDL,AGC->TDL,05:37,05:37,08:22,08:22,2,165,3,occupied,yellow,rain,0.92,breakdown
13028,Chhattisgarh Sampark Kranti,Express,normal,Mathura Junction,MKR,Agra Cantt,AGC,MKR->AGC,05:22,05:22,08:03,08:03,9,161,4,occupied,yellow,rain,0.63,none
12395,Mahakoshal Express,Goods,normal,Mathura Junction,MKR,Tundla Junction,TDL,MKR->TDL,04:07,04:07,06:00,06:00,3,113,4,free,green,storm,0.78,breakdown
14418,NDLS-AGC Intercity,Goods,super high,Mathura Junction,MKR,Tundla Junction,TDL,MKR->TDL,05:55,05:55,08:14,08:14,8,139,3,occupied,red,rain,0.58,none
12267,Kota Janshatabdi,Express,normal,Agra Cantt,AGC,Tundla Junction,TDL,AGC->TDL,05:56,06:06,08:02,08:12,7,126,4,occupied,red,clear,0.95,none
13127,Malwa Express,Superfast,normal,New Delhi,NDLS,Tundla Junction,TDL,NDLS->TDL,04:44,04:44,06:42,06:42,9,118,4,maintenance,red,fog,0.95,none
12389,Gwalior Intercity,Goods,goods-only,Mathura Junction,MKR,Tundla Junction,TDL,MKR->TDL,05:14,05:14,07:21,07:21,9,127,3,maintenance,red,clear,0.92,none
12259,Gatimaan Express,Express,high,New Delhi,NDLS,Mathura Junction,MKR,NDLS->MKR,05:13,05:16,07:15,07:18,9,122,3,free,green,rain,0.96,track_blockage
12212,Bhopal Shatabdi Express,Superfast,goods-only,Mathura Junction,MKR,Tundla Junction,TDL,MKR->TDL,05:22,05:25,07:51,07:54,4,149,3,occupied,yellow,storm,0.79,signal_failure
12492,Taj Express,Express,high,Agra Cantt,AGC,Tundla Junction,TDL,AGC->TDL,05:35,05:35,07:16,07:16,10,101,4,occupied,red,clear,0.98,none
12838,Kerala Express,Goods,super high,Mathura Junction,MKR,Tundla Junction,TDL,MKR->TDL,04:30,04:30,06:13,06:13,5,103,4,maintenance,yellow,clear,0.68,none
13038,Chhattisgarh Sampark Kranti,Superfast,normal,Agra Cantt,AGC,Tundla Junction,TDL,AGC->TDL,05:27,05:27,07:16,07:16,4,109,3,free,red,storm,0.7,breakdown
12405,Mahakoshal Express,Goods,normal,Agra Cantt,AGC,Tundla Junction,TDL,AGC->TDL,05:33,05:33,07:46,07:46,4,133,1,occupied,green,storm,0.82,breakdown
14428,NDLS-AGC Intercity,Goods,super high,Agra Cantt,AGC,Tundla Junction,TDL,AGC->TDL,05:16,05:16,08:05,08:05,10,169,4,occupied,red,rain,0.56,none
12277,Kota Janshatabdi,Express,goods-only,New Delhi,NDLS,Mathura Junction,MKR,NDLS->MKR,04:10,04:10,06:38,06:38,7,148,3,occupied,yellow,fog,0.87,none
13137,Malwa Express,Express,high,New Delhi,NDLS,Agra Cantt,AGC,NDLS->AGC,04:56,04:56,07:49,07:49,5,173,3,maintenance,green,clear,0.8,none
12399,Gwalior Intercity,Passenger,super high,Agra Cantt,AGC,Tundla Junction,TDL,AGC->TDL,05:38,05:38,07:18,07:18,10,100,3,occupied,yellow,clear,0.98,none
12269,Gatimaan Express,Superfast,goods-only,New Delhi,NDLS,Mathura Junction,MKR,NDLS->MKR,05:29,05:34,07:09,07:14,7,100,1,free,green,rain,0.64,none
12222,Bhopal Shatabdi Express,Superfast,high,Agra Cantt,AGC,Tundla Junction,TDL,AGC->TDL,04:13,04:18,06:59,07:04,5,166,4,occupied,yellow,rain,0.94,none
12502,Taj Express,Express,normal,Mathura Junction,MKR,Tundla Junction,TDL,MKR->TDL,05:28,05:28,07:09,07:09,7,101,1,maintenance,yellow,fog,0.68,none
12848,Kerala Express,Goods,high,Mathura Junction,MKR,Tundla Junction,TDL,MKR->TDL,05:42,05:42,07:44,07:44,7,122,4,free,green,rain,0.67,track_blockage
13048,Chhattisgarh Sampark Kranti,Express,super high,Agra Cantt,AGC,Tundla Junction,TDL,AGC->TDL,04:06,04:16,06:38,06:48,10,152,1,free,yellow,fog,0.54,none
12415,Mahakoshal Express,Goods,high,New Delhi,NDLS,Tundla Junction,TDL,NDLS->TDL,05:06,05:06,07:19,07:19,5,133,4,free,green,storm,0.55,none
14438,NDLS-AGC Intercity,Passenger,normal,Mathura Junction,MKR,Agra Cantt,AGC,MKR->AGC,05:30,05:33,07:13,07:16,2,103,3,free,yellow,fog,0.89,none
12287,Kota Janshatabdi,Goods,goods-only,Mathura Junction,MKR,Agra Cantt,AGC,MKR->AGC,05:50,05:50,08:29,08:29,10,159,1,maintenance,green,storm,0.54,none
13147,Malwa Express,Superfast,super high,New Delhi,NDLS,Mathura Junction,MKR,NDLS->MKR,04:22,04:22,06:49,06:49,5,147,3,free,green,rain,0.95,none
12409,Gwalior Intercity,Express,normal,Mathura Junction,MKR,Agra Cantt,AGC,MKR->AGC,04:08,04:13,06:50,06:55,10,162,4,occupied,yellow,clear,0.62,weather_delay
12279,Gatimaan Express,Goods,normal,Mathura Junction,MKR,Agra Cantt,AGC,MKR->AGC,04:35,04:35,06:45,06:45,6,130,3,free,green,fog,0.74,none
12232,Bhopal Shatabdi Express,Superfast,super high,Agra Cantt,AGC,Tundla Junction,TDL,AGC->TDL,04:01,04:04,06:36,06:39,8,155,4,maintenance,red,storm,0.69,none
12512,Taj Express,Superfast,normal,Agra Cantt,AGC,Tundla Junction,TDL,AGC->TDL,05:22,05:22,08:19,08:19,7,177,2,maintenance,green,clear,0.63,none
12858,Kerala Express,Passenger,high,Agra Cantt,AGC,Tundla Junction,TDL,AGC->TDL,05:59,05:59,07:42,07:42,8,103,3,maintenance,green,fog,0.7,none
13058,Chhattisgarh Sampark Kranti,Goods,goods-only,Agra Cantt,AGC,Tundla Junction,TDL,AGC->TDL,04:46,05:01,06:40,06:55,3,114,4,free,green,fog,0.64,weather_delay
12425,Mahakoshal Express,Passenger,super high,Mathura Junction,MKR,Agra Cantt,AGC,MKR->AGC,05:06,05:16,07:48,07:58,5,162,4,maintenance,red,storm,0.74,none
14448,NDLS-AGC Intercity,Goods,high,New Delhi,NDLS,Tundla Junction,TDL,NDLS->TDL,05:57,05:57,07:51,07:51,5,114,3,maintenance,red,clear,0.66,none
12297,Kota Janshatabdi,Express,high,New Delhi,NDLS,Agra Cantt,AGC,NDLS->AGC,05:20,05:20,08:19,08:19,7,179,3,occupied,green,clear,0.55,track_blockage
13157,Malwa Express,Goods,super high,Agra Cantt,AGC,Tundla Junction,TDL,AGC->TDL,04:31,04:31,06:16,06:16,10,105,2,occupied,yellow,clear,0.92,none
12419,Gwalior Intercity,Express,super high,Agra Cantt,AGC,Tundla Junction,TDL,AGC->TDL,04:01,04:11,06:36,06:46,10,155,3,occupied,red,clear,0.76,signal_failure
12289,Gatimaan Express,Passenger,high,Mathura Junction,MKR,Agra Cantt,AGC,MKR->AGC,05:00,05:05,07:29,07:34,9,149,3,maintenance,red,rain,0.77,none
12242,Bhopal Shatabdi Express,Express,high,New Delhi,NDLS,Tundla Junction,TDL,NDLS->TDL,04:09,04:09,06:38,06:38,7,149,2,occupied,green,rain,0.74,weather_delay
12522,Taj Express,Superfast,super high,New Delhi,NDLS,Tundla Junction,TDL,NDLS->TDL,04:05,04:05,06:47,06:47,2,162,4,free,red,fog,0.74,none
12868,Kerala Express,Goods,super high,New Delhi,NDLS,Tundla Junction,TDL,NDLS->TDL,05:30,05:35,08:03,08:08,8,153,3,occupied,red,storm,0.55,none
13068,Chhattisgarh Sampark Kranti,Goods,high,Mathura Junction,MKR,Agra Cantt,AGC,MKR->AGC,04:42,04:42,06:27,06:27,9,105,1,free,red,fog,0.6,signal_failure
12435,Mahakoshal Express,Passenger,normal,Mathura Junction,MKR,Tundla Junction,TDL,MKR->TDL,05:43,05:43,07:36,07:36,6,113,1,free,yellow,rain,0.64,none
14458,NDLS-AGC Intercity,Goods,normal,Mathura Junction,MKR,Agra Cantt,AGC,MKR->AGC,04:37,04:52,06:18,06:33,8,101,4,maintenance,green,rain,0.71,weather_delay
12307,Kota Janshatabdi,Goods,high,Agra Cantt,AGC,Tundla Junction,TDL,AGC->TDL,05:54,05:54,08:18,08:18,8,144,2,occupied,yellow,rain,0.91,none
13167,Malwa Express,Express,normal,Agra Cantt,AGC,Tundla Junction,TDL,AGC->TDL,05:43,05:58,07:30,07:45,10,107,3,free,red,rain,0.57,none
12429,Gwalior Intercity,Passenger,goods-only,Agra Cantt,AGC,Tundla Junction,TDL,AGC->TDL,05:51,05:51,08:20,08:20,3,149,3,occupied,green,storm,0.88,none
12299,Gatimaan Express,Passenger,high,Mathura Junction,MKR,Agra Cantt,AGC,MKR->AGC,04:58,04:58,07:21,07:21,9,143,1,occupied,yellow,fog,0.58,none
12252,Bhopal Shatabdi Express,Superfast,high,Mathura Junction,MKR,Agra Cantt,AGC,MKR->AGC,05:17,05:22,07:48,07:53,9,151,2,maintenance,red,rain,0.98,none
12532,Taj Express,Express,super high,Agra Cantt,AGC,Tundla Junction,TDL,AGC->TDL,05:16,05:21,07:18,07:23,2,122,3,maintenance,green,fog,0.57,none
12878,Kerala Express,Superfast,super high,New Delhi,NDLS,Tundla Junction,TDL,NDLS->TDL,05:58,06:13,08:48,09:03,2,170,4,occupied,yellow,clear,0.63,none
13078,Chhattisgarh Sampark Kranti,Superfast,goods-only,New Delhi,NDLS,Mathura Junction,MKR,NDLS->MKR,04:12,04:17,06:58,07:03,8,166,4,maintenance,red,rain,0.81,breakdown
12445,Mahakoshal Express,Superfast,normal,Mathura Junction,MKR,Agra Cantt,AGC,MKR->AGC,04:45,04:45,07:22,07:22,3,157,3,free,red,clear,0.9,none
14468,NDLS-AGC Intercity,Goods,normal,Agra Cantt,AGC,Tundla Junction,TDL,AGC->TDL,04:55,04:55,07:53,07:53,3,178,4,occupied,red,clear,0.72,none
12317,Kota Janshatabdi,Superfast,normal,New Delhi,NDLS,Tundla Junction,TDL,NDLS->TDL,05:08,05:23,07:53,08:08,6,165,4,maintenance,red,clear,0.59,none
13177,Malwa Express,Superfast,normal,Mathura Junction,MKR,Tundla Junction,TDL,MKR->TDL,05:32,05:42,08:20,08:30,4,168,1,occupied,green,fog,0.82,none
12439,Gwalior Intercity,Express,normal,Mathura Junction,MKR,Agra Cantt,AGC,MKR->AGC,05:07,05:07,07:16,07:16,4,129,4,free,green,clear,0.62,none
12309,Gatimaan Express,Goods,high,Agra Cantt,AGC,Tundla Junction,TDL,AGC->TDL,05:50,05:50,07:38,07:38,4,108,2,occupied,green,fog,0.57,none
12262,Bhopal Shatabdi Express,Goods,normal,Agra Cantt,AGC,Tundla Junction,TDL,AGC->TDL,04:18,04:18,06:20,06:20,6,122,1,free,yellow,fog,0.74,none
12542,Taj Express,Goods,goods-only,Mathura Junction,MKR,Tundla Junction,TDL,MKR->TDL,04:29,04:39,06:21,06:31,6,112,4,occupied,red,fog,0.59,none
12888,Kerala Express,Express,normal,Agra Cantt,AGC,Tundla Junction,TDL,AGC->TDL,05:27,05:27,08:26,08:26,9,179,1,maintenance,yellow,storm,0.51,breakdown
13088,Chhattisgarh Sampark Kranti,Express,goods-only,New Delhi,NDLS,Mathura Junction,MKR,NDLS->MKR,04:12,04:12,05:53,05:53,2,101,4,free,green,clear,0.74,none
12455,Mahakoshal Express,Goods,normal,Mathura Junction,MKR,Agra Cantt,AGC,MKR->AGC,04:35,04:35,07:10,07:10,6,155,2,occupied,red,storm,0.51,weather_delay
14478,NDLS-AGC Intercity,Passenger,super high,New Delhi,NDLS,Tundla Junction,TDL,NDLS->TDL,05:11,05:26,07:31,07:46,9,140,3,maintenance,red,storm,0.64,none
12327,Kota Janshatabdi,Goods,normal,Agra Cantt,AGC,Tundla Junction,TDL,AGC->TDL,05:32,05:42,07:47,07:57,2,135,4,free,green,fog,0.5,none
13187,Malwa Express,Goods,super high,Mathura Junction,MKR,Agra Cantt,AGC,MKR->AGC,05:13,05:18,08:02,08:07,2,169,2,free,green,fog,0.65,weather_delay
12449,Gwalior Intercity,Goods,super high,Agra Cantt,AGC,Tundla Junction,TDL,AGC->TDL,05:10,05:15,07:42,07:47,3,152,4,maintenance,green,fog,0.5,none
12319,Gatimaan Express,Passenger,normal,Mathura Junction,MKR,Agra Cantt,AGC,MKR->AGC,04:10,04:10,07:01,07:01,10,171,3,free,red,rain,0.64,none
12272,Bhopal Shatabdi Express,Passenger,goods-only,Mathura Junction,MKR,Tundla Junction,TDL,MKR->TDL,04:13,04:13,06:50,06:50,3,157,3,occupied,green,storm,0.78,breakdown
12552,Taj Express,Superfast,high,Agra Cantt,AGC,Tundla Junction,TDL,AGC->TDL,04:42,04:42,07:03,07:03,2,141,2,maintenance,green,storm,0.77,weather_delay
12898,Kerala Express,Goods,normal,Mathura Junction,MKR,Agra Cantt,AGC,MKR->AGC,05:11,05:11,08:01,08:01,10,170,2,maintenance,green,storm,0.82,none
13098,Chhattisgarh Sampark Kranti,Superfast,normal,Mathura Junction,MKR,Agra Cantt,AGC,MKR->AGC,04:49,04:52,07:18,07:21,8,149,1,free,green,storm,0.57,signal_failure
12465,Mahakoshal Express,Goods,goods-only,Mathura Junction,MKR,Agra Cantt,AGC,MKR->AGC,05:28,05:28,08:17,08:17,6,169,2,free,red,rain,0.71,weather_delay
14488,NDLS-AGC Intercity,Passenger,normal,Mathura Junction,MKR,Tundla Junction,TDL,MKR->TDL,05:48,05:48,08:21,08:21,3,153,2,free,yellow,clear,0.88,none
12337,Kota Janshatabdi,Goods,goods-only,Agra Cantt,AGC,Tundla Junction,TDL,AGC->TDL,05:03,05:03,07:10,07:10,8,127,2,occupied,green,clear,0.75,track_blockage
13197,Malwa Express,Superfast,normal,Mathura Junction,MKR,Tundla Junction,TDL,MKR->TDL,04:51,04:54,07:08,07:11,9,137,2,occupied,red,storm,0.56,weather_delay
12459,Gwalior Intercity,Superfast,normal,Agra Cantt,AGC,Tundla Junction,TDL,AGC->TDL,05:25,05:25,07:41,07:41,4,136,4,occupied,green,storm,0.77,weather_delay
12329,Gatimaan Express,Express,high,Mathura Junction,MKR,Tundla Junction,TDL,MKR->TDL,04:21,04:31,07:00,07:10,5,159,1,free,red,fog,0.96,none
12282,Bhopal Shatabdi Express,Goods,normal,Agra Cantt,AGC,Tundla Junction,TDL,AGC->TDL,04:32,04:32,07:31,07:31,2,179,3,occupied,yellow,fog,0.96,breakdown
12562,Taj Express,Passenger,goods-only,New Delhi,NDLS,Tundla Junction,TDL,NDLS->TDL,05:17,05:17,07:14,07:14,3,117,1,free,red,storm,0.9,none
12908,Kerala Express,Goods,goods-only,New Delhi,NDLS,Tundla Junction,TDL,NDLS->TDL,04:43,04:43,06:25,06:25,10,102,3,occupied,red,fog,0.52,none
13108,Chhattisgarh Sampark Kranti,Superfast,high,Agra Cantt,AGC,Tundla Junction,TDL,AGC->TDL,04:45,04:45,06:32,06:32,8,107,1,maintenance,green,storm,0.58,none
12475,Mahakoshal Express,Goods,super high,New Delhi,NDLS,Mathura Junction,MKR,NDLS->MKR,04:30,04:30,06:12,06:12,9,102,3,occupied,red,clear,0.84,none
14498,NDLS-AGC Intercity,Express,high,Agra Cantt,AGC,Tundla Junction,TDL,AGC->TDL,04:03,04:03,06:46,06:46,5,163,2,occupied,green,fog,0.59,signal_failure
12347,Kota Janshatabdi,Express,high,Mathura Junction,MKR,Tundla Junction,TDL,MKR->TDL,05:12,05:12,08:11,08:11,5,179,2,free,yellow,clear,0.87,signal_failure
13207,Malwa Express,Goods,super high,Agra Cantt,AGC,Tundla Junction,TDL,AGC->TDL,05:19,05:19,08:09,08:09,4,170,1,maintenance,yellow,clear,0.56,none
12469,Gwalior Intercity,Superfast,high,Mathura Junction,MKR,Agra Cantt,AGC,MKR->AGC,05:58,05:58,07:46,07:46,3,108,3,maintenance,yellow,fog,0.96,none
12339,Gatimaan Express,Goods,high,Mathura Junction,MKR,Agra Cantt,AGC,MKR->AGC,04:07,04:07,06:42,06:42,8,155,3,maintenance,yellow,storm,0.78,signal_failure
12292,Bhopal Shatabdi Express,Superfast,super high,Mathura Junction,MKR,Tundla Junction,TDL,MKR->TDL,05:26,05:26,07:27,07:27,10,121,2,occupied,yellow,clear,0.95,weather_delay
12572,Taj Express,Superfast,normal,Agra Cantt,AGC,Tundla Junction,TDL,AGC->TDL,04:14,04:14,06:04,06:04,6,110,2,free,green,clear,0.63,none
12918,Kerala Express,Express,high,Agra Cantt,AGC,Tundla Junction,TDL,AGC->TDL,04:56,04:56,06:50,06:50,6,114,1,occupied,yellow,storm,0.5,weather_delay
13118,Chhattisgarh Sampark Kranti,Express,normal,Mathura Junction,MKR,Tundla Junction,TDL,MKR->TDL,05:25,05:25,08:09,08:09,8,164,1,free,red,rain,0.99,none
12485,Mahakoshal Express,Passenger,normal,New Delhi,NDLS,Agra Cantt,AGC,NDLS->AGC,05:20,05:25,07:16,07:21,4,116,3,free,red,fog,0.74,none
14508,NDLS-AGC Intercity,Express,super high,New Delhi,NDLS,Mathura Junction,MKR,NDLS->MKR,05:27,05:27,07:33,07:33,10,126,1,occupied,green,fog,0.8,none
12357,Kota Janshatabdi,Goods,goods-only,Agra Cantt,AGC,Tundla Junction,TDL,AGC->TDL,05:17,05:17,07:52,07:52,8,155,3,occupied,yellow,storm,0.64,none
13217,Malwa Express,Passenger,super high,Agra Cantt,AGC,Tundla Junction,TDL,AGC->TDL,04:11,04:11,06:07,06:07,6,116,3,free,red,fog,0.88,none
12479,Gwalior Intercity,Express,super high,Mathura Junction,MKR,Agra Cantt,AGC,MKR->AGC,05:26,05:31,07:53,07:58,8,147,3,maintenance,red,rain,0.72,none
12349,Gatimaan Express,Passenger,super high,New Delhi,NDLS,Mathura Junction,MKR,NDLS->MKR,05:45,05:55,07:55,08:05,7,130,4,free,green,rain,0.81,signal_failure
12302,Bhopal Shatabdi Express,Passenger,goods-only,New Delhi,NDLS,Agra Cantt,AGC,NDLS->AGC,04:27,04:27,07:11,07:11,6,164,3,free,red,clear,0.71,weather_delay
12582,Taj Express,Passenger,super high,Mathura Junction,MKR,Tundla Junction,TDL,MKR->TDL,04:24,04:24,07:15,07:15,3,171,2,maintenance,yellow,fog,0.62,none
12928,Kerala Express,Passenger,goods-only,New Delhi,NDLS,Tundla Junction,TDL,NDLS->TDL,05:34,05:37,07:55,07:58,10,141,3,occupied,yellow,rain,0.53,signal_failure
13128,Chhattisgarh Sampark Kranti,Express,high,Agra Cantt,AGC,Tundla Junction,TDL,AGC->TDL,04:55,04:55,07:35,07:35,5,160,1,maintenance,yellow,storm,0.52,none
12495,Mahakoshal Express,Passenger,high,Agra Cantt,AGC,Tundla Junction,TDL,AGC->TDL,05:25,05:25,07:26,07:26,9,121,3,occupied,yellow,fog,0.64,none
14518,NDLS-AGC Intercity,Goods,high,Mathura Junction,MKR,Agra Cantt,AGC,MKR->AGC,05:56,06:06,08:26,08:36,3,150,2,free,red,rain,0.82,none
12367,Kota Janshatabdi,Passenger,super high,Agra Cantt,AGC,Tundla Junction,TDL,AGC->TDL,05:08,05:13,08:07,08:12,6,179,3,free,green,fog,0.81,none
13227,Malwa Express,Superfast,high,Agra Cantt,AGC,Tundla Junction,TDL,AGC->TDL,05:27,05:27,08:22,08:22,6,175,1,maintenance,yellow,storm,0.83,none
12489,Gwalior Intercity,Passenger,super high,Mathura Junction,MKR,Agra Cantt,AGC,MKR->AGC,05:44,05:47,08:29,08:32,4,165,4,occupied,green,storm,0.53,none
12359,Gatimaan Express,Express,normal,New Delhi,NDLS,Tundla Junction,TDL,NDLS->TDL,04:44,04:44,06:54,06:54,7,130,3,free,yellow,storm,0.5,signal_failure
12312,Bhopal Shatabdi Express,Goods,high,New Delhi,NDLS,Mathura Junction,MKR,NDLS->MKR,05:04,05:04,07:34,07:34,3,150,4,free,yellow,fog,0.97,none
12592,Taj Express,Superfast,normal,Mathura Junction,MKR,Agra Cantt,AGC,MKR->AGC,04:20,04:20,07:18,07:18,3,178,3,occupied,green,fog,0.86,none
12938,Kerala Express,Superfast,goods-only,Agra Cantt,AGC,Tundla Junction,TDL,AGC->TDL,04:37,04:37,06:38,06:38,10,121,1,free,yellow,clear,0.91,none
13138,Chhattisgarh Sampark Kranti,Passenger,super high,Mathura Junction,MKR,Tundla Junction,TDL,MKR->TDL,04:24,04:27,06:41,06:44,5,137,2,free,yellow,fog,0.96,weather_delay
12505,Mahakoshal Express,Passenger,super high,Agra Cantt,AGC,Tundla Junction,TDL,AGC->TDL,04:05,04:08,05:58,06:01,6,113,2,free,yellow,storm,0.87,none
14528,NDLS-AGC Intercity,Goods,super high,Agra Cantt,AGC,Tundla Junction,TDL,AGC->TDL,05:08,05:08,07:53,07:53,6,165,1,maintenance,yellow,fog,0.75,none
12377,Kota Janshatabdi,Express,high,New Delhi,NDLS,Tundla Junction,TDL,NDLS->TDL,04:02,04:02,06:24,06:24,10,142,2,occupied,yellow,rain,0.66,none
13237,Malwa Express,Superfast,normal,New Delhi,NDLS,Mathura Junction,MKR,NDLS->MKR,05:57,06:00,08:25,08:28,5,148,1,occupied,green,storm,0.87,none
12499,Gwalior Intercity,Superfast,normal,Mathura Junction,MKR,Tundla Junction,TDL,MKR->TDL,04:30,04:30,07:18,07:18,4,168,1,maintenance,green,rain,0.63,weather_delay
12369,Gatimaan Express,Passenger,super high,New Delhi,NDLS,Agra Cantt,AGC,NDLS->AGC,04:27,04:27,07:04,07:04,3,157,1,occupied,green,storm,0.94,none
12322,Bhopal Shatabdi Express,Goods,normal,Agra Cantt,AGC,Tundla Junction,TDL,AGC->TDL,05:55,05:55,08:47,08:47,7,172,4,free,red,fog,0.51,none
12602,Taj Express,Goods,high,Agra Cantt,AGC,Tundla Junction,TDL,AGC->TDL,05:09,05:14,07:57,08:02,10,168,3,free,green,rain,0.69,none
12948,Kerala Express,Passenger,normal,Mathura Junction,MKR,Tundla Junction,TDL,MKR->TDL,04:00,04:10,05:42,05:52,2,102,2,maintenance,green,fog,0.84,none
13148,Chhattisgarh Sampark Kranti,Passenger,super high,New Delhi,NDLS,Tundla Junction,TDL,NDLS->TDL,04:22,04:22,06:10,06:10,7,108,2,maintenance,green,rain,0.94,none
12515,Mahakoshal Express,Passenger,goods-only,Agra Cantt,AGC,Tundla Junction,TDL,AGC->TDL,05:02,05:07,07:59,08:04,7,177,3,occupied,yellow,clear,0.56,none
14538,NDLS-AGC Intercity,Superfast,goods-only,New Delhi,NDLS,Agra Cantt,AGC,NDLS->AGC,05:05,05:05,06:50,06:50,4,105,1,free,green,fog,0.63,none
12387,Kota Janshatabdi,Express,normal,New Delhi,NDLS,Mathura Junction,MKR,NDLS->MKR,05:41,05:41,07:45,07:45,6,124,3,maintenance,green,rain,0.7,none
13247,Malwa Express,Superfast,high,New Delhi,NDLS,Agra Cantt,AGC,NDLS->AGC,04:33,04:38,06:26,06:31,9,113,3,occupied,yellow,storm,0.82,none
12509,Gwalior Intercity,Passenger,normal,Agra Cantt,AGC,Tundla Junction,TDL,AGC->TDL,05:45,05:45,07:39,07:39,8,114,2,occupied,yellow,rain,0.63,weather_delay
12379,Gatimaan Express,Goods,goods-only,Mathura Junction,MKR,Tundla Junction,TDL,MKR->TDL,04:36,04:36,07:33,07:33,4,177,4,occupied,green,rain,0.6,none
12332,Bhopal Shatabdi Express,Goods,normal,Agra Cantt,AGC,Tundla Junction,TDL,AGC->TDL,04:15,04:15,06:01,06:01,7,106,4,maintenance,red,rain,0.76,none
12612,Taj Express,Express,high,Agra Cantt,AGC,Tundla Junction,TDL,AGC->TDL,05:12,05:22,07:22,07:32,9,130,2,free,green,rain,0.93,none
12958,Kerala Express,Superfast,normal,New Delhi,NDLS,Mathura Junction,MKR,NDLS->MKR,04:51,04:51,06:32,06:32,7,101,3,free,green,storm,0.71,none
13158,Chhattisgarh Sampark Kranti,Express,high,Agra Cantt,AGC,Tundla Junction,TDL,AGC->TDL,05:55,05:55,07:44,07:44,6,109,3,maintenance,green,storm,0.98,none
12525,Mahakoshal Express,Superfast,super high,New Delhi,NDLS,Tundla Junction,TDL,NDLS->TDL,04:48,04:58,07:28,07:38,8,160,1,maintenance,red,clear,0.78,none
14548,NDLS-AGC Intercity,Passenger,goods-only,New Delhi,NDLS,Tundla Junction,TDL,NDLS->TDL,04:15,04:20,07:09,07:14,2,174,1,maintenance,yellow,fog,0.71,none
12397,Kota Janshatabdi,Goods,super high,New Delhi,NDLS,Mathura Junction,MKR,NDLS->MKR,04:11,04:11,05:56,05:56,2,105,1,maintenance,yellow,fog,0.88,none
13257,Malwa Express,Goods,normal,Agra Cantt,AGC,Tundla Junction,TDL,AGC->TDL,05:12,05:12,07:53,07:53,8,161,1,maintenance,red,storm,0.69,none
12519,Gwalior Intercity,Superfast,goods-only,Mathura Junction,MKR,Tundla Junction,TDL,MKR->TDL,04:52,04:52,06:59,06:59,9,127,1,occupied,red,fog,0.55,track_blockage
12389,Gatimaan Express,Superfast,super high,Agra Cantt,AGC,Tundla Junction,TDL,AGC->TDL,04:51,04:51,07:44,07:44,9,173,3,maintenance,green,storm,0.94,none
12342,Bhopal Shatabdi Express,Express,super high,Agra Cantt,AGC,Tundla Junction,TDL,AGC->TDL,04:58,04:58,07:38,07:38,5,160,2,maintenance,red,storm,0.72,none
12622,Taj Express,Express,goods-only,New Delhi,NDLS,Agra Cantt,AGC,NDLS->AGC,04:28,04:31,06:36,06:39,4,128,4,maintenance,green,clear,0.7,none
12968,Kerala Express,Goods,normal,Mathura Junction,MKR,Agra Cantt,AGC,MKR->AGC,05:28,05:28,08:00,08:00,6,152,2,maintenance,green,fog,0.89,signal_failure
13168,Chhattisgarh Sampark Kranti,Passenger,high,Mathura Junction,MKR,Tundla Junction,TDL,MKR->TDL,05:04,05:04,06:54,06:54,5,110,4,maintenance,yellow,clear,0.91,none
12535,Mahakoshal Express,Express,goods-only,New Delhi,NDLS,Tundla Junction,TDL,NDLS->TDL,06:00,06:00,07:54,07:54,6,114,2,free,green,storm,0.6,none
14558,NDLS-AGC Intercity,Superfast,normal,Agra Cantt,AGC,Tundla Junction,TDL,AGC->TDL,05:35,05:35,07:19,07:19,8,104,3,occupied,yellow,clear,0.56,breakdown
12407,Kota Janshatabdi,Superfast,normal,Agra Cantt,AGC,Tundla Junction,TDL,AGC->TDL,05:28,05:31,08:24,08:27,6,176,4,free,red,fog,0.72,weather_delay
13267,Malwa Express,Goods,normal,New Delhi,NDLS,Mathura Junction,MKR,NDLS->MKR,04:37,04:37,06:27,06:27,5,110,3,maintenance,green,fog,0.92,weather_delay
12529,Gwalior Intercity,Express,goods-only,Mathura Junction,MKR,Agra Cantt,AGC,MKR->AGC,05:27,05:30,07:52,07:55,6,145,2,occupied,red,storm,0.53,none
12399,Gatimaan Express,Goods,high,Agra Cantt,AGC,Tundla Junction,TDL,AGC->TDL,04:23,04:23,06:07,06:07,2,104,3,free,yellow,clear,0.92,none
12352,Bhopal Shatabdi Express,Passenger,goods-only,Agra Cantt,AGC,Tundla Junction,TDL,AGC->TDL,04:10,04:10,06:31,06:31,8,141,2,maintenance,green,rain,0.74,none
12632,Taj Express,Superfast,normal,New Delhi,NDLS,Tundla Junction,TDL,NDLS->TDL,05:25,05:25,07:59,07:59,9,154,4,maintenance,green,rain,0.73,none
12978,Kerala Express,Passenger,high,Mathura Junction,MKR,Tundla Junction,TDL,MKR->TDL,04:01,04:04,06:12,06:15,4,131,2,maintenance,red,rain,0.86,none
13178,Chhattisgarh Sampark Kranti,Goods,normal,New Delhi,NDLS,Agra Cantt,AGC,NDLS->AGC,05:00,05:00,07:02,07:02,4,122,1,occupied,red,clear,0.69,none
12545,Mahakoshal Express,Goods,super high,Mathura Junction,MKR,Tundla Junction,TDL,MKR->TDL,04:33,04:43,06:57,07:07,2,144,2,occupied,red,fog,0.96,none
14568,NDLS-AGC Intercity,Express,normal,Mathura Junction,MKR,Tundla Junction,TDL,MKR->TDL,04:11,04:11,07:03,07:03,5,172,3,occupied,red,storm,0.68,none
12417,Kota Janshatabdi,Express,normal,Mathura Junction,MKR,Tundla Junction,TDL,MKR->TDL,05:56,05:56,07:39,07:39,3,103,1,free,red,fog,0.92,none
13277,Malwa Express,Superfast,high,New Delhi,NDLS,Agra Cantt,AGC,NDLS->AGC,04:03,04:03,06:15,06:15,6,132,4,occupied,yellow,clear,0.56,breakdown
12539,Gwalior Intercity,Express,super high,New Delhi,NDLS,Mathura Junction,MKR,NDLS->MKR,05:30,05:30,07:38,07:38,10,128,2,maintenance,red,clear,0.73,weather_delay
12409,Gatimaan Express,Superfast,goods-only,Mathura Junction,MKR,Tundla Junction,TDL,MKR->TDL,04:48,04:48,07:20,07:20,2,152,3,free,yellow,storm,0.64,none
12362,Bhopal Shatabdi Express,Passenger,goods-only,Mathura Junction,MKR,Tundla Junction,TDL,MKR->TDL,04:42,04:42,06:37,06:37,4,115,2,occupied,green,clear,0.72,weather_delay
12642,Taj Express,Superfast,goods-only,Mathura Junction,MKR,Tundla Junction,TDL,MKR->TDL,05:09,05:09,07:06,07:06,10,117,4,maintenance,green,clear,0.77,signal_failure
12988,Kerala Express,Superfast,normal,Mathura Junction,MKR,Tundla Junction,TDL,MKR->TDL,04:11,04:11,06:33,06:33,4,142,2,free,red,clear,0.61,breakdown
13188,Chhattisgarh Sampark Kranti,Passenger,super high,New Delhi,NDLS,Tundla Junction,TDL,NDLS->TDL,04:42,04:45,06:33,06:36,5,111,1,maintenance,yellow,fog,0.76,none
12555,Mahakoshal Express,Goods,goods-only,Mathura Junction,MKR,Tundla Junction,TDL,MKR->TDL,05:15,05:18,07:46,07:49,7,151,3,occupied,green,rain,0.68,weather_delay
14578,NDLS-AGC Intercity,Express,goods-only,New Delhi,NDLS,Agra Cantt,AGC,NDLS->AGC,04:32,04:32,06:42,06:42,3,130,1,maintenance,green,storm,0.58,breakdown
12427,Kota Janshatabdi,Goods,normal,Mathura Junction,MKR,Tundla Junction,TDL,MKR->TDL,04:30,04:33,06:17,06:20,6,107,1,maintenance,green,fog,0.9,signal_failure
13287,Malwa Express,Express,super high,Mathura Junction,MKR,Agra Cantt,AGC,MKR->AGC,05:27,05:32,07:13,07:18,10,106,2,maintenance,green,storm,0.7,none
12549,Gwalior Intercity,Passenger,super high,Mathura Junction,MKR,Tundla Junction,TDL,MKR->TDL,04:07,04:17,06:46,06:56,6,159,3,free,red,fog,0.79,none
12419,Gatimaan Express,Passenger,super high,New Delhi,NDLS,Agra Cantt,AGC,NDLS->AGC,05:58,05:58,08:39,08:39,7,161,2,occupied,yellow,clear,1.0,none
12372,Bhopal Shatabdi Express,Express,super high,Agra Cantt,AGC,Tundla Junction,TDL,AGC->TDL,04:23,04:23,06:28,06:28,6,125,3,maintenance,yellow,fog,0.55,track_blockage
12652,Taj Express,Goods,high,Mathura Junction,MKR,Tundla Junction,TDL,MKR->TDL,04:46,04:46,06:34,06:34,2,108,3,free,red,clear,0.93,none
12998,Kerala Express,Express,super high,New Delhi,NDLS,Agra Cantt,AGC,NDLS->AGC,04:41,04:41,06:42,06:42,9,121,4,occupied,red,fog,0.58,breakdown
13198,Chhattisgarh Sampark Kranti,Goods,high,Mathura Junction,MKR,Tundla Junction,TDL,MKR->TDL,05:43,05:43,08:03,08:03,8,140,4,free,red,clear,0.61,none
12565,Mahakoshal Express,Goods,high,New Delhi,NDLS,Mathura Junction,MKR,NDLS->MKR,04:38,04:38,06:24,06:24,7,106,4,occupied,green,clear,0.72,weather_delay
14588,NDLS-AGC Intercity,Superfast,normal,Agra Cantt,AGC,Tundla Junction,TDL,AGC->TDL,04:45,04:50,06:37,06:42,5,112,3,maintenance,yellow,rain,0.7,none
12437,Kota Janshatabdi,Express,super high,Agra Cantt,AGC,Tundla Junction,TDL,AGC->TDL,05:13,05:13,06:59,06:59,10,106,3,free,green,clear,0.69,signal_failure
13297,Malwa Express,Superfast,high,Mathura Junction,MKR,Agra Cantt,AGC,MKR->AGC,04:22,04:32,06:25,06:35,5,123,1,free,yellow,fog,0.91,track_blockage
12559,Gwalior Intercity,Superfast,super high,New Delhi,NDLS,Mathura Junction,MKR,NDLS->MKR,05:50,05:50,07:40,07:40,3,110,4,free,green,clear,0.91,none
12429,Gatimaan Express,Express,high,New Delhi,NDLS,Agra Cantt,AGC,NDLS->AGC,04:21,04:21,06:19,06:19,9,118,1,maintenance,green,rain,0.94,none
12382,Bhopal Shatabdi Express,Passenger,high,Mathura Junction,MKR,Agra Cantt,AGC,MKR->AGC,05:47,05:47,08:30,08:30,8,163,4,occupied,green,storm,0.63,none
12662,Taj Express,Express,high,Agra Cantt,AGC,Tundla Junction,TDL,AGC->TDL,04:35,04:35,07:23,07:23,8,168,4,free,green,clear,0.6,none
13008,Kerala Express,Goods,super high,New Delhi,NDLS,Agra Cantt,AGC,NDLS->AGC,04:51,05:06,06:46,07:01,9,115,3,maintenance,red,clear,0.69,none
13208,Chhattisgarh Sampark Kranti,Goods,normal,Agra Cantt,AGC,Tundla Junction,TDL,AGC->TDL,05:45,05:55,08:43,08:53,2,178,4,maintenance,green,fog,0.77,none
12575,Mahakoshal Express,Superfast,goods-only,New Delhi,NDLS,Tundla Junction,TDL,NDLS->TDL,04:51,04:51,06:37,06:37,6,106,1,maintenance,green,storm,0.91,none
14598,NDLS-AGC Intercity,Goods,super high,Agra Cantt,AGC,Tundla Junction,TDL,AGC->TDL,05:29,05:29,07:13,07:13,10,104,1,free,red,fog,0.77,none
12447,Kota Janshatabdi,Goods,super high,Mathura Junction,MKR,Tundla Junction,TDL,MKR->TDL,05:11,05:11,07:30,07:30,6,139,1,free,green,rain,0.54,signal_failure
13307,Malwa Express,Express,normal,New Delhi,NDLS,Mathura Junction,MKR,NDLS->MKR,05:19,05:34,07:43,07:58,2,144,1,maintenance,yellow,clear,0.97,none
12569,Gwalior Intercity,Passenger,normal,Mathura Junction,MKR,Agra Cantt,AGC,MKR->AGC,05:47,05:57,07:35,07:45,8,108,3,free,yellow,storm,0.67,none
12439,Gatimaan Express,Goods,high,Agra Cantt,AGC,Tundla Junction,TDL,AGC->TDL,05:24,05:34,07:17,07:27,5,113,2,maintenance,green,fog,0.71,signal_failure
12392,Bhopal Shatabdi Express,Express,goods-only,New Delhi,NDLS,Mathura Junction,MKR,NDLS->MKR,04:16,04:19,06:29,06:32,2,133,4,occupied,green,storm,0.95,track_blockage
12672,Taj Express,Express,high,Agra Cantt,AGC,Tundla Junction,TDL,AGC->TDL,05:38,05:38,08:00,08:00,7,142,2,free,green,rain,0.73,weather_delay
13018,Kerala Express,Passenger,super high,New Delhi,NDLS,Agra Cantt,AGC,NDLS->AGC,05:43,05:43,08:34,08:34,3,171,2,free,red,storm,0.78,track_blockage
13218,Chhattisgarh Sampark Kranti,Passenger,normal,Mathura Junction,MKR,Agra Cantt,AGC,MKR->AGC,04:05,04:20,06:00,06:15,5,115,1,free,yellow,storm,0.9,none
12585,Mahakoshal Express,Superfast,goods-only,New Delhi,NDLS,Mathura Junction,MKR,NDLS->MKR,05:48,05:48,08:24,08:24,6,156,3,maintenance,green,fog,0.66,none
14608,NDLS-AGC Intercity,Superfast,goods-only,Mathura Junction,MKR,Tundla Junction,TDL,MKR->TDL,05:26,05:26,07:55,07:55,7,149,4,maintenance,red,fog,0.91,track_blockage
12457,Kota Janshatabdi,Superfast,normal,Mathura Junction,MKR,Agra Cantt,AGC,MKR->AGC,04:45,05:00,07:07,07:22,5,142,4,occupied,green,storm,0.51,signal_failure
13317,Malwa Express,Superfast,normal,Agra Cantt,AGC,Tundla Junction,TDL,AGC->TDL,04:48,04:51,07:48,07:51,9,180,4,maintenance,yellow,clear,0.91,none
12579,Gwalior Intercity,Superfast,super high,Mathura Junction,MKR,Tundla Junction,TDL,MKR->TDL,05:31,05:31,07:54,07:54,9,143,3,occupied,red,fog,0.64,none
12449,Gatimaan Express,Express,normal,New Delhi,NDLS,Agra Cantt,AGC,NDLS->AGC,05:47,05:57,07:33,07:43,8,106,2,free,green,storm,0.6,none
12402,Bhopal Shatabdi Express,Express,normal,New Delhi,NDLS,Agra Cantt,AGC,NDLS->AGC,04:20,04:20,06:44,06:44,9,144,1,maintenance,red,rain,0.59,track_blockage
12682,Taj Express,Express,normal,Agra Cantt,AGC,Tundla Junction,TDL,AGC->TDL,05:02,05:05,06:44,06:47,7,102,1,occupied,yellow,clear,0.59,none
13028,Kerala Express,Goods,goods-only,Mathura Junction,MKR,Tundla Junction,TDL,MKR->TDL,04:14,04:14,05:57,05:57,8,103,2,maintenance,green,clear,0.71,none
13228,Chhattisgarh Sampark Kranti,Express,normal,Mathura Junction,MKR,Tundla Junction,TDL,MKR->TDL,04:01,04:04,06:58,07:01,6,177,3,maintenance,green,clear,0.71,weather_delay
12595,Mahakoshal Express,Express,normal,Agra Cantt,AGC,Tundla Junction,TDL,AGC->TDL,05:42,05:42,08:20,08:20,8,158,4,free,yellow,rain,0.98,none
14618,NDLS-AGC Intercity,Superfast,normal,New Delhi,NDLS,Mathura Junction,MKR,NDLS->MKR,04:18,04:21,06:22,06:25,10,124,2,maintenance,red,storm,0.52,none
12467,Kota Janshatabdi,Passenger,normal,Mathura Junction,MKR,Agra Cantt,AGC,MKR->AGC,05:32,05:37,08:07,08:12,5,155,2,maintenance,yellow,rain,0.66,none
13327,Malwa Express,Goods,goods-only,New Delhi,NDLS,Mathura Junction,MKR,NDLS->MKR,04:03,04:06,06:36,06:39,6,153,2,free,red,rain,0.63,none
12589,Gwalior Intercity,Passenger,goods-only,Agra Cantt,AGC,Tundla Junction,TDL,AGC->TDL,05:47,05:47,08:16,08:16,2,149,3,maintenance,green,storm,0.88,none
12459,Gatimaan Express,Superfast,super high,Mathura Junction,MKR,Agra Cantt,AGC,MKR->AGC,04:35,04:35,07:01,07:01,6,146,2,occupied,green,clear,0.96,none
12412,Bhopal Shatabdi Express,Passenger,normal,New Delhi,NDLS,Agra Cantt,AGC,NDLS->AGC,04:39,04:39,07:07,07:07,2,148,3,maintenance,yellow,fog,0.78,none
12692,Taj Express,Passenger,goods-only,New Delhi,NDLS,Agra Cantt,AGC,NDLS->AGC,05:01,05:06,07:11,07:16,9,130,4,occupied,yellow,rain,0.62,breakdown
13038,Kerala Express,Express,normal,Mathura Junction,MKR,Agra Cantt,AGC,MKR->AGC,04:44,04:44,06:52,06:52,6,128,1,free,red,fog,0.76,none
13238,Chhattisgarh Sampark Kranti,Goods,super high,New Delhi,NDLS,Agra Cantt,AGC,NDLS->AGC,04:47,04:50,06:48,06:51,9,121,1,free,yellow,rain,0.64,none
12605,Mahakoshal Express,Goods,high,New Delhi,NDLS,Tundla Junction,TDL,NDLS->TDL,05:02,05:02,07:54,07:54,8,172,2,free,green,fog,0.78,none
14628,NDLS-AGC Intercity,Passenger,normal,New Delhi,NDLS,Agra Cantt,AGC,NDLS->AGC,05:41,05:41,08:27,08:27,9,166,2,free,green,clear,0.97,signal_failure
12477,Kota Janshatabdi,Passenger,super high,Agra Cantt,AGC,Tundla Junction,TDL,AGC->TDL,04:20,04:20,06:25,06:25,4,125,1,free,red,rain,0.77,none
13337,Malwa Express,Goods,goods-only,Agra Cantt,AGC,Tundla Junction,TDL,AGC->TDL,04:58,05:08,06:41,06:51,10,103,4,free,green,storm,0.7,none
12599,Gwalior Intercity,Superfast,goods-only,Agra Cantt,AGC,Tundla Junction,TDL,AGC->TDL,04:27,04:27,07:12,07:12,10,165,4,free,green,fog,0.88,breakdown
12469,Gatimaan Express,Express,goods-only,Agra Cantt,AGC,Tundla Junction,TDL,AGC->TDL,04:05,04:05,06:57,06:57,8,172,3,occupied,red,fog,0.67,track_blockage
12422,Bhopal Shatabdi Express,Superfast,goods-only,Mathura Junction,MKR,Agra Cantt,AGC,MKR->AGC,05:28,05:28,07:18,07:18,10,110,2,maintenance,red,rain,0.65,track_blockage
12702,Taj Express,Goods,goods-only,Mathura Junction,MKR,Agra Cantt,AGC,MKR->AGC,04:40,04:55,06:25,06:40,2,105,3,occupied,red,rain,0.85,none
13048,Kerala Express,Passenger,high,Agra Cantt,AGC,Tundla Junction,TDL,AGC->TDL,05:53,05:53,08:13,08:13,8,140,2,occupied,yellow,storm,0.68,track_blockage
13248,Chhattisgarh Sampark Kranti,Superfast,goods-only,Mathura Junction,MKR,Tundla Junction,TDL,MKR->TDL,05:31,05:31,08:12,08:12,6,161,2,maintenance,yellow,fog,0.63,weather_delay
12615,Mahakoshal Express,Goods,super high,Mathura Junction,MKR,Agra Cantt,AGC,MKR->AGC,05:20,05:25,07:36,07:41,7,136,1,occupied,red,storm,0.76,none
14638,NDLS-AGC Intercity,Passenger,goods-only,Agra Cantt,AGC,Tundla Junction,TDL,AGC->TDL,04:03,04:03,06:30,06:30,4,147,3,occupied,green,rain,0.59,none
12487,Kota Janshatabdi,Superfast,normal,Agra Cantt,AGC,Tundla Junction,TDL,AGC->TDL,05:49,05:49,07:33,07:33,6,104,3,maintenance,red,storm,0.66,breakdown
13347,Malwa Express,Passenger,goods-only,New Delhi,NDLS,Mathura Junction,MKR,NDLS->MKR,04:25,04:25,07:22,07:22,5,177,4,maintenance,green,clear,0.86,track_blockage
12609,Gwalior Intercity,Goods,super high,Mathura Junction,MKR,Tundla Junction,TDL,MKR->TDL,04:38,04:38,06:21,06:21,8,103,1,free,green,rain,0.9,none
12479,Gatimaan Express,Superfast,super high,Mathura Junction,MKR,Tundla Junction,TDL,MKR->TDL,04:17,04:17,07:11,07:11,9,174,4,occupied,yellow,fog,0.87,none
12432,Bhopal Shatabdi Express,Superfast,normal,Mathura Junction,MKR,Agra Cantt,AGC,MKR->AGC,05:05,05:10,07:40,07:45,10,155,4,free,green,rain,0.58,track_blockage
12712,Taj Express,Superfast,goods-only,New Delhi,NDLS,Agra Cantt,AGC,NDLS->AGC,06:00,06:00,08:20,08:20,5,140,2,maintenance,green,fog,0.53,none
13058,Kerala Express,Passenger,super high,Mathura Junction,MKR,Tundla Junction,TDL,MKR->TDL,05:47,05:52,08:30,08:35,4,163,1,occupied,green,storm,0.56,none
13258,Chhattisgarh Sampark Kranti,Superfast,high,Agra Cantt,AGC,Tundla Junction,TDL,AGC->TDL,05:33,05:33,08:00,08:00,5,147,3,occupied,red,clear,0.51,none
12625,Mahakoshal Express,Goods,goods-only,Mathura Junction,MKR,Agra Cantt,AGC,MKR->AGC,05:21,05:21,08:20,08:20,3,179,1,free,red,fog,0.96,none
14648,NDLS-AGC Intercity,Superfast,high,Agra Cantt,AGC,Tundla Junction,TDL,AGC->TDL,05:45,05:45,08:39,08:39,2,174,3,free,red,rain,0.92,none
12497,Kota Janshatabdi,Express,super high,Agra Cantt,AGC,Tundla Junction,TDL,AGC->TDL,04:22,04:22,06:49,06:49,7,147,1,maintenance,red,storm,0.83,none
13357,Malwa Express,Goods,goods-only,Agra Cantt,AGC,Tundla Junction,TDL,AGC->TDL,04:01,04:11,06:12,06:22,8,131,2,maintenance,green,rain,0.55,breakdown
12619,Gwalior Intercity,Express,normal,New Delhi,NDLS,Tundla Junction,TDL,NDLS->TDL,04:33,04:33,07:10,07:10,9,157,1,maintenance,yellow,rain,0.67,signal_failure
12489,Gatimaan Express,Superfast,goods-only,Mathura Junction,MKR,Tundla Junction,TDL,MKR->TDL,05:42,05:42,07:48,07:48,2,126,2,maintenance,green,fog,0.68,none
12442,Bhopal Shatabdi Express,Passenger,super high,New Delhi,NDLS,Tundla Junction,TDL,NDLS->TDL,05:37,05:42,08:34,08:39,6,177,3,occupied,green,rain,0.57,none
12722,Taj Express,Goods,goods-only,Mathura Junction,MKR,Tundla Junction,TDL,MKR->TDL,05:39,05:39,07:50,07:50,9,131,3,maintenance,yellow,clear,0.84,none
13068,Kerala Express,Passenger,normal,Agra Cantt,AGC,Tundla Junction,TDL,AGC->TDL,04:35,04:40,07:33,07:38,10,178,2,maintenance,green,storm,0.65,none
13268,Chhattisgarh Sampark Kranti,Goods,goods-only,Agra Cantt,AGC,Tundla Junction,TDL,AGC->TDL,05:31,05:34,08:29,08:32,4,178,4,maintenance,green,rain,0.52,none
12635,Mahakoshal Express,Express,normal,New Delhi,NDLS,Agra Cantt,AGC,NDLS->AGC,04:59,05:09,06:52,07:02,2,113,3,occupied,yellow,clear,0.97,none
14658,NDLS-AGC Intercity,Passenger,super high,New Delhi,NDLS,Tundla Junction,TDL,NDLS->TDL,05:11,05:21,07:06,07:16,2,115,4,occupied,yellow,fog,0.77,none
12507,Kota Janshatabdi,Passenger,high,Agra Cantt,AGC,Tundla Junction,TDL,AGC->TDL,05:32,05:32,08:24,08:24,6,172,1,maintenance,red,clear,0.94,weather_delay
13367,Malwa Express,Passenger,goods-only,Mathura Junction,MKR,Tundla Junction,TDL,MKR->TDL,05:24,05:24,08:20,08:20,5,176,1,occupied,green,clear,0.97,none
12629,Gwalior Intercity,Goods,high,New Delhi,NDLS,Tundla Junction,TDL,NDLS->TDL,05:21,05:24,07:22,07:25,7,121,3,occupied,green,fog,0.61,none
12499,Gatimaan Express,Goods,normal,Mathura Junction,MKR,Tundla Junction,TDL,MKR->TDL,04:47,04:47,07:41,07:41,6,174,4,free,red,storm,0.78,none
12452,Bhopal Shatabdi Express,Superfast,normal,Agra Cantt,AGC,Tundla Junction,TDL,AGC->TDL,04:33,04:33,07:16,07:16,2,163,4,maintenance,red,fog,0.56,none
12732,Taj Express,Goods,super high,New Delhi,NDLS,Tundla Junction,TDL,NDLS->TDL,04:10,04:10,06:33,06:33,7,143,3,maintenance,green,clear,0.82,signal_failure
13078,Kerala Express,Superfast,high,New Delhi,NDLS,Tundla Junction,TDL,NDLS->TDL,05:28,05:38,07:08,07:18,2,100,1,occupied,yellow,clear,0.74,none
13278,Chhattisgarh Sampark Kranti,Passenger,super high,Mathura Junction,MKR,Agra Cantt,AGC,MKR->AGC,05:29,05:32,07:46,07:49,9,137,4,occupied,yellow,rain,0.52,none
12645,Mahakoshal Express,Superfast,super high,Agra Cantt,AGC,Tundla Junction,TDL,AGC->TDL,04:57,05:00,07:31,07:34,3,154,2,free,green,clear,0.55,none
14668,NDLS-AGC Intercity,Superfast,normal,New Delhi,NDLS,Mathura Junction,MKR,NDLS->MKR,04:47,04:57,06:51,07:01,5,124,4,maintenance,yellow,rain,0.72,none
12517,Kota Janshatabdi,Passenger,goods-only,Mathura Junction,MKR,Agra Cantt,AGC,MKR->AGC,05:23,05:38,07:25,07:40,10,122,4,maintenance,green,fog,0.84,none
13377,Malwa Express,Goods,normal,New Delhi,NDLS,Tundla Junction,TDL,NDLS->TDL,04:29,04:29,06:42,06:42,9,133,2,free,yellow,fog,0.71,none
12639,Gwalior Intercity,Goods,high,Agra Cantt,AGC,Tundla Junction,TDL,AGC->TDL,04:23,04:23,06:23,06:23,8,120,2,maintenance,green,clear,0.59,none
12509,Gatimaan Express,Goods,normal,New Delhi,NDLS,Mathura Junction,MKR,NDLS->MKR,04:58,04:58,07:06,07:06,5,128,3,free,green,rain,0.96,none
12462,Bhopal Shatabdi Express,Goods,normal,New Delhi,NDLS,Tundla Junction,TDL,NDLS->TDL,05:07,05:07,08:07,08:07,6,180,3,maintenance,green,clear,0.69,none
12742,Taj Express,Superfast,high,New Delhi,NDLS,Tundla Junction,TDL,NDLS->TDL,04:13,04:13,06:21,06:21,6,128,3,maintenance,yellow,storm,0.64,breakdown
13088,Kerala Express,Superfast,high,New Delhi,NDLS,Mathura Junction,MKR,NDLS->MKR,05:49,05:49,08:32,08:32,10,163,2,occupied,yellow,fog,0.68,none
13288,Chhattisgarh Sampark Kranti,Superfast,goods-only,Mathura Junction,MKR,Tundla Junction,TDL,MKR->TDL,04:36,04:36,07:03,07:03,6,147,4,occupied,yellow,clear,0.7,none
12655,Mahakoshal Express,Superfast,goods-only,Agra Cantt,AGC,Tundla Junction,TDL,AGC->TDL,05:54,05:54,07:44,07:44,4,110,1,occupied,green,storm,0.95,none
14678,NDLS-AGC Intercity,Passenger,normal,New Delhi,NDLS,Agra Cantt,AGC,NDLS->AGC,05:37,05:37,08:02,08:02,9,145,1,maintenance,yellow,rain,0.71,none
12527,Kota Janshatabdi,Superfast,goods-only,Mathura Junction,MKR,Agra Cantt,AGC,MKR->AGC,04:07,04:07,06:10,06:10,3,123,2,free,red,fog,0.84,none
13387,Malwa Express,Express,super high,Agra Cantt,AGC,Tundla Junction,TDL,AGC->TDL,05:07,05:07,07:20,07:20,5,133,3,occupied,red,clear,0.57,none
12649,Gwalior Intercity,Superfast,high,Mathura Junction,MKR,Agra Cantt,AGC,MKR->AGC,05:20,05:20,07:05,07:05,6,105,3,free,red,fog,0.9,track_blockage
12519,Gatimaan Express,Superfast,goods-only,Agra Cantt,AGC,Tundla Junction,TDL,AGC->TDL,04:58,05:03,06:46,06:51,9,108,2,maintenance,green,rain,0.99,none
12472,Bhopal Shatabdi Express,Express,normal,Mathura Junction,MKR,Agra Cantt,AGC,MKR->AGC,04:02,04:02,06:46,06:46,3,164,2,occupied,green,rain,0.77,weather_delay
12752,Taj Express,Passenger,high,New Delhi,NDLS,Agra Cantt,AGC,NDLS->AGC,04:16,04:16,06:48,06:48,10,152,1,maintenance,red,fog,0.86,none
13098,Kerala Express,Goods,high,Mathura Junction,MKR,Tundla Junction,TDL,MKR->TDL,05:54,05:54,08:39,08:39,4,165,1,occupied,red,storm,0.95,signal_failure
13298,Chhattisgarh Sampark Kranti,Express,super high,Agra Cantt,AGC,Tundla Junction,TDL,AGC->TDL,06:00,06:00,08:58,08:58,2,178,3,maintenance,yellow,rain,0.6,none
12665,Mahakoshal Express,Superfast,normal,New Delhi,NDLS,Agra Cantt,AGC,NDLS->AGC,04:37,04:37,06:40,06:40,2,123,3,occupied,green,storm,0.63,signal_failure
14688,NDLS-AGC Intercity,Passenger,super high,New Delhi,NDLS,Tundla Junction,TDL,NDLS->TDL,05:13,05:23,07:13,07:23,10,120,1,free,red,clear,0.58,none
12537,Kota Janshatabdi,Superfast,super high,New Delhi,NDLS,Tundla Junction,TDL,NDLS->TDL,04:42,04:42,07:27,07:27,4,165,1,free,green,rain,0.52,none
13397,Malwa Express,Express,high,Agra Cantt,AGC,Tundla Junction,TDL,AGC->TDL,04:48,04:48,07:27,07:27,4,159,4,maintenance,yellow,fog,0.54,none
12659,Gwalior Intercity,Goods,goods-only,Mathura Junction,MKR,Tundla Junction,TDL,MKR->TDL,04:04,04:04,06:26,06:26,3,142,1,maintenance,yellow,clear,0.61,none
12529,Gatimaan Express,Superfast,normal,New Delhi,NDLS,Mathura Junction,MKR,NDLS->MKR,04:00,04:00,05:54,05:54,9,114,3,free,yellow,fog,0.88,none
12482,Bhopal Shatabdi Express,Goods,goods-only,New Delhi,NDLS,Tundla Junction,TDL,NDLS->TDL,05:31,05:31,08:29,08:29,2,178,4,occupied,yellow,clear,0.61,none
12762,Taj Express,Goods,goods-only,Mathura Junction,MKR,Agra Cantt,AGC,MKR->AGC,04:13,04:13,06:41,06:41,6,148,2,maintenance,yellow,fog,0.69,none
13108,Kerala Express,Express,super high,Mathura Junction,MKR,Agra Cantt,AGC,MKR->AGC,05:05,05:05,07:10,07:10,9,125,2,free,yellow,fog,0.94,none
13308,Chhattisgarh Sampark Kranti,Passenger,high,Mathura Junction,MKR,Tundla Junction,TDL,MKR->TDL,05:59,06:02,08:50,08:53,3,171,3,free,red,storm,0.99,none
12675,Mahakoshal Express,Express,high,New Delhi,NDLS,Tundla Junction,TDL,NDLS->TDL,04:29,04:29,06:46,06:46,3,137,3,occupied,green,clear,0.53,none
14698,NDLS-AGC Intercity,Superfast,high,Agra Cantt,AGC,Tundla Junction,TDL,AGC->TDL,04:25,04:28,06:39,06:42,7,134,4,free,red,clear,0.83,none
12547,Kota Janshatabdi,Passenger,high,Agra Cantt,AGC,Tundla Junction,TDL,AGC->TDL,04:56,04:59,07:48,07:51,10,172,1,free,green,fog,0.65,weather_delay
13407,Malwa Express,Superfast,normal,Mathura Junction,MKR,Tundla Junction,TDL,MKR->TDL,04:16,04:16,06:02,06:02,5,106,3,maintenance,red,fog,0.59,none
12669,Gwalior Intercity,Superfast,normal,Agra Cantt,AGC,Tundla Junction,TDL,AGC->TDL,05:11,05:11,08:04,08:04,4,173,1,maintenance,green,clear,0.63,none
12539,Gatimaan Express,Passenger,normal,Mathura Junction,MKR,Tundla Junction,TDL,MKR->TDL,04:56,04:56,07:22,07:22,5,146,2,free,green,storm,0.73,weather_delay
12492,Bhopal Shatabdi Express,Express,goods-only,Mathura Junction,MKR,Agra Cantt,AGC,MKR->AGC,05:55,05:55,07:53,07:53,2,118,2,occupied,red,storm,0.62,track_blockage
12772,Taj Express,Goods,goods-only,Mathura Junction,MKR,Agra Cantt,AGC,MKR->AGC,04:03,04:03,05:48,05:48,6,105,1,occupied,green,fog,0.94,signal_failure
13118,Kerala Express,Passenger,goods-only,Mathura Junction,MKR,Agra Cantt,AGC,MKR->AGC,04:14,04:14,06:18,06:18,9,124,4,maintenance,green,rain,0.76,track_blockage
13318,Chhattisgarh Sampark Kranti,Passenger,high,New Delhi,NDLS,Mathura Junction,MKR,NDLS->MKR,05:50,05:50,07:36,07:36,7,106,4,occupied,red,fog,0.68,weather_delay
12685,Mahakoshal Express,Superfast,goods-only,New Delhi,NDLS,Agra Cantt,AGC,NDLS->AGC,05:02,05:02,07:49,07:49,4,167,3,occupied,yellow,storm,0.53,weather_delay
14708,NDLS-AGC Intercity,Goods,goods-only,Mathura Junction,MKR,Agra Cantt,AGC,MKR->AGC,05:05,05:08,06:45,06:48,4,100,2,free,green,storm,0.65,none
12557,Kota Janshatabdi,Superfast,normal,Agra Cantt,AGC,Tundla Junction,TDL,AGC->TDL,05:56,05:56,08:54,08:54,8,178,1,free,green,fog,0.63,breakdown
13417,Malwa Express,Passenger,high,Agra Cantt,AGC,Tundla Junction,TDL,AGC->TDL,04:39,04:54,07:35,07:50,8,176,2,maintenance,yellow,storm,0.99,weather_delay
12679,Gwalior Intercity,Passenger,super high,Agra Cantt,AGC,Tundla Junction,TDL,AGC->TDL,04:15,04:15,07:07,07:07,4,172,4,maintenance,green,rain,0.85,track_blockage
